0,11,-38,1007,-1190,0,0,-29,-39,1010,-508,34,-492,
6168,11,-38,1007,-1120,-70,-70,-29,-39,1010,-508,34,-492,6168
12348,11,-38,1004,-1120,-70,-70,-29,-42,1010,-501,25,-495,6180
18528,11,-37,1003,-1190,-70,-70,-26,-38,1014,-516,33,-502,6180
24709,11,-37,1003,-1470,0,0,-26,-38,1014,-516,33,-502,6181
30889,12,-38,1007,-1470,0,0,-28,-41,1014,-505,33,-504,6180
37069,11,-39,1013,-1610,140,0,-30,-37,1019,-505,33,-495,6180
43249,11,-39,1013,-1400,70,0,-30,-37,1019,-507,36,-495,6180
49429,10,-40,1014,-1400,70,0,-27,-35,1008,-507,39,-505,6180
55610,10,-38,1009,-1050,-70,-70,-27,-35,1008,-507,39,-505,6181
61790,10,-38,1009,-1050,-140,0,-28,-41,1010,-507,30,-504,6180
67970,10,-36,1003,-1050,-140,0,-24,-36,1012,-508,24,-495,6180
74150,11,-36,1002,-1260,-70,-70,-24,-36,1012,-508,24,-495,6180
80331,11,-36,1002,-1260,70,-70,-26,-38,1014,-513,24,-501,6181
86511,10,-39,1007,-1470,70,-70,-31,-37,1013,-513,24,-501,6180
92691,9,-41,1012,-1470,70,-70,-31,-37,1013,-504,25,-498,6180
98871,9,-41,1012,-1470,70,0,-31,-36,1013,-513,36,-502,6180
105051,11,-41,1011,-1190,0,0,-31,-36,1013,-513,36,-502,6180
111231,12,-39,1006,-980,-140,-70,-27,-38,1009,-504,31,-502,6180
117412,12,-39,1006,-980,-140,-70,-27,-42,1006,-510,28,-495,6181
123592,12,-36,1002,-1120,-70,-70,-27,-42,1006,-510,28,-495,6180
129772,11,-36,1006,-1400,70,0,-25,-39,1012,-511,30,-501,6180
135952,11,-36,1006,-1400,70,0,-25,-40,1018,-511,30,-501,6180
142133,9,-40,1011,-1540,140,0,-28,-40,1018,-508,21,-501,6181
148313,11,-41,1012,-1330,0,-70,-29,-40,1014,-507,37,-493,6180
154493,11,-41,1012,-1330,0,-70,-29,-40,1014,-507,37,-493,6180
160673,11,-40,1007,-1190,-70,-70,-30,-38,1012,-505,33,-507,6180
166853,12,-38,1004,-1120,-70,-70,-28,-36,1008,-508,27,-501,6180
173033,12,-38,1004,-1120,-70,-70,-28,-36,1008,-508,27,-501,6180
179214,10,-37,1005,-1260,0,0,-29,-38,1002,-498,28,-504,6181
185394,11,-39,1009,-1470,70,0,-29,-38,1002,-498,28,-504,6180
191574,11,-39,1009,-1470,70,0,-30,-35,1014,-514,33,-507,6180
197754,10,-39,1010,-1400,70,0,-28,-38,1008,-508,33,-498,6180
203934,11,-39,1010,-1190,-70,-70,-28,-38,1008,-508,33,-498,6180
210115,11,-39,1010,-1190,-70,-70,-30,-41,1011,-505,25,-501,6181
216295,12,-38,1008,-1120,-70,-70,-27,-38,1015,-504,33,-504,6180
222475,11,-38,1005,-1260,0,0,-27,-38,1015,-504,33,-504,6180
228655,11,-38,1005,-1260,0,0,-29,-40,1007,-504,28,-508,6180
234835,11,-39,1006,-1400,70,0,-29,-40,1007,-504,28,-508,6180
241016,10,-40,1009,-1400,70,-70,-27,-37,1018,-522,27,-501,6181
247196,10,-40,1009,-1400,70,-70,-27,-39,1011,-507,22,-501,6180
253376,9,-39,1008,-1260,0,0,-27,-39,1011,-507,22,-501,6180
259556,11,-38,1009,-1190,-70,0,-29,-37,1006,-505,31,-499,6180
265736,11,-38,1009,-1190,-70,0,-26,-35,1008,-514,22,-507,6180
271917,11,-38,1006,-1260,0,0,-26,-35,1008,-514,22,-507,6181
278097,11,-38,1007,-1400,0,-70,-29,-40,1007,-496,31,-498,6180
284277,10,-38,1007,-1400,0,-70,-29,-40,1007,-496,31,-498,6180
290457,10,-39,1009,-1330,0,-70,-29,-37,1016,-510,28,-501,6180
296637,10,-39,1009,-1190,0,-70,-28,-39,1012,-499,27,-499,6180
302818,11,-39,1009,-1190,0,-70,-28,-39,1012,-499,27,-499,6181
308998,11,-39,1007,-1190,0,-70,-30,-42,1013,-516,28,-498,6180
315178,11,-39,1007,-1190,0,-70,-30,-42,1010,-508,22,-496,6180
321358,12,-38,1007,-1190,0,-70,-27,-36,1010,-508,22,-496,6180
327539,10,-38,1008,-1400,70,0,-28,-39,1009,-513,21,-495,6181
333719,10,-38,1008,-1470,0,-70,-28,-39,1009,-513,21,-495,6180
339899,10,-38,1009,-1470,0,-70,-29,-37,1013,-505,21,-499,6180
346079,11,-38,1010,-1260,0,-70,-29,-38,1014,-504,25,-499,6180
352259,11,-38,1010,-1120,-70,0,-29,-38,1014,-504,25,-499,6180
358439,9,-38,1008,-1120,-70,0,-27,-41,1013,-502,25,-507,6180
364620,10,-37,1005,-1190,-70,0,-27,-41,1013,-507,27,-496,6181
370800,10,-37,1005,-1330,0,-70,-26,-41,1013,-507,27,-496,6180
376980,10,-38,1006,-1330,0,-70,-29,-36,1012,-499,30,-496,6180
383160,11,-38,1007,-1400,0,0,-29,-36,1012,-499,30,-496,6180
389341,11,-38,1007,-1400,0,-70,-29,-37,1009,-501,25,-496,6181
395521,11,-39,1009,-1400,0,-70,-28,-40,1010,-508,31,-502,6180
401701,11,-38,1008,-1260,0,-70,-28,-40,1010,-508,31,-502,6180
407881,11,-38,1008,-1260,0,0,-27,-38,1010,-507,30,-489,6180
414061,12,-37,1008,-1190,0,0,-27,-38,1010,-507,28,-504,6180
420241,11,-37,1007,-1260,0,-70,-30,-43,1013,-502,28,-504,6180
426422,11,-37,1007,-1260,0,-70,-27,-37,1013,-505,28,-504,6181
432602,11,-38,1007,-1330,0,-70,-27,-37,1013,-505,28,-504,6180
438782,10,-39,1007,-1330,0,-70,-29,-39,1007,-517,27,-505,6180
444962,10,-39,1007,-1330,0,-70,-29,-39,1014,-507,22,-498,6180
451143,10,-39,1009,-1330,0,0,-31,-35,1014,-507,22,-498,6181
457323,10,-39,1008,-1260,0,-70,-29,-33,1002,-508,27,-502,6180
463503,10,-39,1008,-1260,0,-70,-29,-33,1002,-508,28,-486,6180
469683,10,-38,1007,-1260,0,-70,-29,-40,1011,-498,28,-486,6180
475863,10,-39,1007,-1330,0,-70,-25,-37,1018,-513,37,-504,6180
482044,10,-39,1007,-1330,0,-70,-25,-37,1018,-513,37,-504,6181
488224,12,-39,1007,-1400,0,-70,-28,-43,1011,-508,28,-493,6180
494404,11,-38,1007,-1330,0,0,-28,-43,1011,-508,27,-495,6180
500584,11,-38,1007,-1330,0,0,-26,-39,1020,-508,27,-495,6180
506764,11,-39,1008,-1260,0,0,-29,-38,1008,-502,31,-496,6180
512944,10,-38,1007,-1260,0,-70,-29,-38,1008,-502,31,-508,6180
519125,10,-38,1007,-1260,0,-70,-30,-38,1007,-517,27,-508,6181
525305,11,-38,1006,-1260,0,-70,-27,-32,1007,-505,36,-495,6180
531485,11,-39,1007,-1330,70,0,-27,-32,1007,-505,36,-495,6180
537665,11,-39,1007,-1330,70,0,-31,-39,1007,-511,28,-495,6180
543846,10,-38,1008,-1330,70,-70,-31,-39,1007,-505,25,-490,6181
550026,10,-37,1008,-1330,0,-70,-28,-39,1019,-505,25,-490,6180
556206,10,-37,1008,-1330,0,-70,-27,-39,1010,-508,27,-508,6180
562386,11,-37,1008,-1190,-70,-70,-27,-39,1010,-508,27,-508,6180
568566,11,-38,1006,-1260,-70,-70,-27,-41,1014,-514,30,-499,6180
574746,11,-38,1006,-1260,-70,-70,-27,-38,1014,-513,34,-495,6180
580927,10,-39,1007,-1260,0,-70,-27,-38,1014,-513,34,-495,6181
587107,10,-40,1007,-1330,0,-70,-29,-40,1006,-496,28,-501,6180
593287,10,-40,1007,-1330,0,-70,-29,-40,1006,-510,27,-502,6180
599467,11,-39,1007,-1260,0,-70,-29,-35,1008,-510,27,-502,6180
605647,11,-38,1008,-1260,-70,0,-28,-38,1013,-501,30,-510,6180
611828,11,-38,1008,-1260,-70,0,-28,-38,1013,-501,30,-510,6181
618008,11,-38,1007,-1260,0,-70,-29,-39,1008,-514,28,-498,6180
624188,11,-38,1008,-1330,70,-70,-29,-39,1008,-505,30,-498,6180
630368,10,-38,1008,-1330,70,-70,-27,-41,1010,-505,30,-498,6180
636548,10,-38,1009,-1260,0,-70,-27,-36,1017,-510,31,-504,6180
642729,10,-38,1009,-1400,0,-70,-27,-36,1017,-502,22,-493,6181
648909,10,-38,1009,-1400,0,-70,-27,-41,1012,-502,22,-493,6180
655089,10,-38,1007,-1260,0,-70,-28,-38,1009,-510,27,-499,6180
661269,10,-38,1007,-1330,0,-70,-28,-38,1009,-510,27,-499,6180
667449,11,-39,1007,-1330,0,-70,-29,-35,1011,-508,33,-501,6180
673630,11,-39,1007,-1330,0,-70,-29,-35,1011,-514,30,-496,6181
679810,11,-39,1007,-1330,0,-70,-30,-39,1008,-514,30,-496,6180
685990,12,-39,1008,-1330,0,-70,-27,-39,1013,-508,22,-499,6180
692170,12,-39,1008,-1330,0,-70,-27,-39,1013,-505,28,-504,6180
698351,12,-39,1008,-1260,0,-70,-26,-40,1015,-505,28,-504,6181
704531,11,-39,1008,-1260,0,-70,-28,-41,1012,-498,31,-495,6180
710711,11,-38,1009,-1260,0,-70,-28,-41,1012,-498,31,-495,6180
716891,11,-38,1009,-1260,0,0,-28,-38,1011,-508,34,-498,6180
723071,9,-38,1007,-1260,0,0,-28,-38,1011,-505,31,-493,6180
729251,11,-39,1008,-1330,0,0,-30,-36,1012,-505,31,-493,6180
735432,11,-39,1008,-1330,0,-70,-27,-36,1012,-507,25,-499,6181
741612,10,-39,1008,-1330,0,-70,-27,-36,1012,-505,28,-498,6180
747792,10,-38,1008,-1330,0,-70,-28,-38,1008,-505,28,-498,6180
753972,10,-38,1008,-1330,0,-70,-28,-38,1014,-514,36,-498,6180
760152,11,-39,1008,-1330,0,-70,-30,-38,1014,-514,36,-498,6180
766333,11,-37,1007,-1330,0,-70,-28,-39,1013,-505,24,-493,6181
772513,11,-37,1007,-1330,0,-70,-28,-39,1013,-505,22,-501,6180
778693,10,-38,1006,-1260,0,0,-26,-41,1009,-505,22,-501,6180
784873,10,-38,1006,-1330,0,-70,-29,-35,1016,-511,39,-493,6180
791053,10,-38,1006,-1330,0,-70,-29,-35,1016,-511,24,-499,6180
797234,10,-39,1010,-1260,-70,-70,-27,-41,1011,-511,24,-499,6181
803414,9,-39,1006,-1190,0,0,-27,-41,1011,-507,25,-504,6180
809594,9,-39,1006,-1190,0,0,-29,-35,1007,-507,25,-504,6180
815774,10,-37,1007,-1260,0,0,-27,-37,1011,-505,22,-502,6180
821954,12,-39,1009,-1330,-70,0,-27,-37,1011,-508,36,-502,6180
828135,12,-39,1009,-1330,-70,0,-28,-36,1007,-508,36,-502,6181
834315,11,-36,1007,-1260,70,0,-28,-39,1009,-513,31,-504,6180
840495,11,-39,1007,-1260,0,0,-28,-39,1009,-508,31,-492,6180
846675,11,-39,1007,-1260,0,0,-30,-39,1020,-508,31,-492,6180
852855,12,-37,1009,-1260,-70,0,-30,-39,1020,-519,37,-513,6180
859036,12,-38,1006,-1190,0,0,-29,-41,1012,-519,37,-513,6181
865216,12,-38,1006,-1190,0,0,-28,-39,1015,-504,36,-495,6180
871396,10,-39,1006,-1330,0,-70,-28,-39,1015,-505,27,-507,6180
877576,12,-39,1010,-1260,-70,0,-26,-40,1015,-505,27,-507,6180
883756,12,-39,1010,-1260,-70,0,-26,-40,1010,-501,28,-505,6180
889937,10,-38,1007,-1260,70,0,-29,-37,1010,-501,30,-499,6181
896117,11,-37,1006,-1260,0,-70,-28,-37,1007,-507,30,-499,6180
902297,11,-37,1006,-1260,0,-70,-28,-37,1007,-508,31,-501,6180
908477,10,-38,1007,-1330,0,0,-29,-36,1012,-508,31,-501,6180
914657,12,-39,1009,-1260,0,-70,-28,-40,1015,-502,40,-507,6180
920838,12,-39,1009,-1260,0,-70,-28,-40,1015,-510,33,-495,6181
927018,11,-38,1007,-1260,70,0,-27,-40,1014,-510,33,-495,6180
933198,12,-37,1006,-1330,-70,0,-27,-40,1014,-508,25,-504,6180
939378,12,-37,1006,-1330,-70,0,-29,-37,1015,-508,25,-495,6180
945559,9,-40,1008,-1400,-70,0,-29,-38,1013,-505,34,-495,6181
951739,9,-40,1008,-1260,0,0,-29,-38,1013,-513,31,-510,6180
957919,12,-37,1008,-1260,0,0,-28,-37,1005,-513,31,-510,6180
964099,11,-38,1005,-1260,0,0,-27,-37,1011,-513,31,-501,6180
970279,11,-38,1009,-1330,-70,0,-27,-37,1011,-510,25,-496,6180
976460,12,-39,1009,-1330,-70,0,-30,-40,1016,-510,25,-496,6181
982640,12,-39,1008,-1330,0,-70,-30,-40,1016,-513,24,-486,6180
988820,12,-39,1008,-1400,0,-70,-25,-38,1013,-513,24,-504,6180
995000,10,-38,1007,-1400,0,-70,-28,-40,1010,-510,27,-504,6180
1001180,11,-39,1009,-1260,-70,-70,-28,-40,1010,-511,37,-502,6180
1007361,11,-39,1009,-1260,0,0,-27,-39,1015,-511,37,-502,6181
1013541,10,-37,1009,-1260,0,0,-28,-37,1006,-508,31,-499,6180
1019721,10,-38,1005,-1260,-70,-70,-28,-37,1006,-508,21,-501,6180
1025901,10,-38,1005,-1330,-70,-70,-29,-39,1012,-508,21,-501,6180
1032081,11,-38,1009,-1330,-70,-70,-29,-39,1012,-511,28,-499,6180
1038261,11,-38,1006,-1330,70,-70,-28,-36,1011,-511,28,-499,6180
1044442,11,-38,1006,-1330,0,-70,-29,-38,1006,-511,28,-498,6181
1050622,10,-38,1007,-1330,0,-70,-29,-38,1006,-505,27,-508,6180
1056802,11,-38,1007,-1330,0,-70,-28,-37,1009,-505,27,-508,6180
1062982,11,-38,1007,-1330,0,0,-28,-37,1009,-511,27,-508,6180
1069162,11,-38,1007,-1260,0,0,-30,-38,1014,-511,34,-502,6180
1075343,12,-40,1008,-1190,-70,-70,-27,-40,1008,-511,34,-502,6181
1081523,12,-40,1008,-1190,-70,0,-27,-40,1008,-505,34,-504,6180
1087703,11,-38,1007,-1260,0,0,-29,-41,1014,-505,34,-504,6180
1093883,11,-37,1008,-1330,0,0,-28,-36,1014,-508,30,-510,6180
1100063,11,-37,1008,-1330,0,0,-28,-36,1014,-498,40,-498,6180
1106244,11,-38,1008,-1400,0,0,-28,-40,1010,-498,40,-498,6181
1112424,10,-39,1008,-1400,0,0,-28,-40,1010,-510,21,-504,6180
1118604,10,-39,1008,-1400,0,0,-29,-35,1013,-505,31,-504,6180
1124784,11,-38,1007,-1260,0,0,-29,-37,1006,-505,31,-504,6180
1130964,11,-37,1007,-1260,-70,0,-29,-37,1006,-508,34,-510,6180
1137145,11,-37,1007,-1260,-70,0,-30,-38,1009,-508,34,-510,6181
1143325,11,-38,1007,-1330,0,-70,-28,-37,1014,-514,25,-501,6180
1149505,11,-39,1008,-1330,0,0,-28,-37,1014,-508,15,-505,6180
1155685,11,-39,1008,-1330,0,0,-27,-42,1012,-508,15,-505,6180
1161865,12,-39,1008,-1330,0,0,-27,-42,1012,-511,28,-504,6180
1168046,11,-38,1007,-1330,0,-70,-28,-40,1013,-499,31,-513,6181
1174226,11,-38,1007,-1330,0,-70,-27,-39,1008,-499,31,-513,6180
1180406,11,-37,1007,-1330,0,-70,-27,-39,1008,-510,34,-505,6180
1186586,10,-38,1007,-1400,0,-70,-30,-37,1012,-510,34,-505,6180
1192766,10,-38,1007,-1400,0,-70,-30,-37,1006,-505,33,-511,6180
1198947,10,-38,1007,-1330,-70,0,-27,-32,1006,-511,30,-498,6181
1205127,10,-38,1008,-1330,0,0,-30,-38,1005,-511,30,-498,6180
1211307,10,-38,1008,-1330,0,0,-30,-38,1005,-504,27,-495,6180
1217487,11,-38,1007,-1330,0,-70,-29,-39,1016,-505,34,-496,6180
1223667,11,-38,1008,-1260,0,-70,-25,-38,1006,-505,34,-496,6180
1229848,11,-38,1008,-1260,0,-70,-25,-38,1006,-513,30,-499,6181
1236028,10,-38,1008,-1330,0,-70,-30,-40,1017,-513,30,-499,6180
1242208,10,-38,1009,-1330,0,-70,-30,-40,1017,-510,24,-505,6180
1248388,10,-38,1009,-1330,0,-70,-27,-39,1014,-501,34,-504,6180
1254568,10,-38,1008,-1330,0,-70,-28,-41,1009,-501,34,-504,6180
1260749,12,-38,1008,-1260,-70,-70,-28,-41,1009,-514,31,-504,6181
1266929,12,-38,1008,-1260,-70,-70,-28,-38,1017,-510,27,-502,6180
1273109,12,-38,1007,-1330,0,-70,-28,-39,1004,-510,27,-502,6180
1279289,12,-39,1007,-1330,0,0,-28,-39,1004,-513,27,-501,6180
1285470,12,-39,1007,-1330,0,0,-29,-38,1009,-513,27,-501,6181
1291650,12,-39,1007,-1400,0,0,-29,-38,1009,-508,27,-492,6180
1297830,12,-39,1007,-1330,0,0,-28,-38,1010,-508,31,-498,6180
1304010,12,-38,1007,-1330,0,0,-27,-42,1009,-508,31,-498,6180
1310190,12,-38,1007,-1330,0,0,-27,-42,1009,-508,28,-507,6180
1316370,12,-38,1007,-1400,0,0,-27,-40,1008,-502,27,-499,6180
1322551,12,-37,1007,-1400,0,0,-27,-38,1017,-502,27,-499,6181
1328731,10,-38,1008,-1400,0,0,-29,-38,1017,-502,31,-499,6180
1334911,10,-38,1008,-1400,70,0,-28,-41,1015,-502,31,-499,6180
1341091,10,-40,1011,-1400,70,0,-28,-41,1015,-505,27,-499,6180
1347271,9,-40,1012,-1400,70,0,-30,-37,1018,-508,25,-496,6180
1353452,9,-40,1012,-1190,0,0,-28,-34,1011,-508,25,-496,6181
1359632,8,-38,1009,-1190,0,0,-28,-34,1011,-514,28,-502,6180
1365812,9,-37,1002,-1050,-140,0,-27,-39,1000,-514,28,-505,6180
1371992,9,-37,1002,-1260,-70,-70,-27,-39,1000,-502,28,-505,6180
1378172,11,-35,1001,-1260,-70,-70,-27,-37,1005,-499,30,-502,6180
1384353,11,-38,1005,-1540,70,0,-28,-38,1008,-499,30,-502,6181
1390533,11,-38,1005,-1680,210,0,-28,-38,1008,-499,28,-507,6180
1396713,12,-41,1014,-1680,210,0,-35,-40,1019,-504,36,-493,6180
1402893,11,-44,1016,-1470,140,0,-30,-38,1021,-504,36,-493,6180
1409073,11,-44,1016,-1470,-70,-70,-30,-38,1021,-510,31,-502,6180
1415254,11,-40,1010,-1120,-70,-70,-27,-41,1008,-510,31,-511,6181
1421434,11,-36,1004,-980,-140,0,-27,-41,1008,-511,36,-511,6180
1427614,11,-36,1004,-980,-140,0,-24,-37,1011,-514,25,-502,6180
1433794,10,-33,1001,-1190,-70,0,-26,-38,1005,-514,25,-502,6180
1439974,9,-38,1007,-1470,70,0,-26,-38,1005,-508,22,-504,6180
1446155,9,-38,1007,-1470,70,0,-30,-36,1010,-511,25,-502,6181
1452335,8,-40,1011,-1540,70,0,-32,-39,1017,-511,25,-502,6180
1458515,10,-41,1011,-1190,0,-70,-32,-39,1017,-508,36,-501,6180
1464695,10,-41,1011,-1190,0,-70,-29,-41,1012,-508,36,-501,6180
1470876,13,-38,1006,-1050,-70,-70,-29,-41,1012,-507,28,-501,6181
1477056,14,-38,1003,-1190,-70,-70,-26,-39,1014,-502,36,-505,6180
1483236,14,-38,1003,-1190,-70,-70,-26,-40,1009,-502,36,-505,6180
1489416,13,-36,1005,-1470,70,0,-26,-40,1009,-510,27,-490,6180
1495596,11,-38,1009,-1540,70,0,-27,-39,1012,-513,34,-502,6180
1501776,11,-38,1009,-1540,70,0,-27,-39,1014,-513,34,-502,6180
1507957,10,-39,1011,-1400,0,0,-29,-35,1014,-502,28,-490,6181
1514137,9,-39,1008,-1260,-70,0,-28,-39,1007,-502,28,-490,6180
1520317,9,-39,1008,-1260,-70,0,-28,-39,1007,-511,31,-502,6180
1526497,10,-37,1005,-1190,-70,0,-28,-35,1008,-507,28,-502,6180
1532677,11,-39,1006,-1330,0,0,-30,-39,1010,-507,28,-502,6180
1538858,11,-39,1006,-1330,0,0,-30,-39,1010,-504,28,-505,6181
1545038,11,-39,1008,-1470,70,0,-30,-40,1015,-504,28,-493,6180
1551218,10,-39,1009,-1470,70,0,-30,-40,1015,-504,28,-493,6180
1557398,10,-39,1009,-1470,70,0,-28,-38,1016,-507,22,-499,6180
1563578,11,-40,1010,-1330,0,0,-29,-41,1012,-507,22,-499,6180
1569759,12,-39,1008,-1190,0,0,-29,-41,1012,-505,27,-499,6181
1575939,12,-39,1008,-1190,0,0,-28,-39,1011,-514,34,-499,6180
1582119,11,-37,1006,-1260,0,0,-28,-38,1005,-514,34,-499,6180
1588299,11,-38,1008,-1330,0,0,-28,-38,1005,-504,25,-502,6180
1594479,11,-38,1008,-1330,0,0,-30,-35,1011,-507,27,-496,6180
1600660,9,-39,1009,-1400,0,-70,-30,-35,1011,-507,27,-496,6181
1606840,9,-39,1008,-1260,0,0,-30,-40,1013,-510,33,-499,6180
1613020,10,-39,1008,-1260,0,0,-27,-40,1011,-510,33,-499,6180
1619200,9,-39,1007,-1260,-70,-70,-27,-40,1011,-508,31,-499,6180
1625381,9,-39,1007,-1330,0,-70,-27,-37,1020,-513,25,-498,6181
1631561,11,-38,1007,-1330,0,-70,-27,-37,1011,-513,25,-498,6180
1637741,10,-39,1008,-1400,0,0,-30,-40,1011,-502,30,-502,6180
1643921,10,-39,1008,-1400,0,0,-30,-37,1012,-501,24,-495,6180
1650101,10,-39,1010,-1400,0,0,-30,-37,1012,-501,24,-495,6180
1656281,11,-39,1008,-1260,0,-70,-28,-35,1012,-508,36,-501,6180
1662462,11,-39,1008,-1190,-70,0,-29,-40,1005,-508,36,-501,6181
1668642,11,-37,1006,-1190,-70,0,-29,-40,1005,-514,24,-495,6180
1674822,12,-37,1006,-1260,-70,-70,-28,-35,1009,-523,25,-498,6180
1681002,12,-37,1006,-1400,0,-70,-28,-35,1009,-523,25,-498,6180
1687182,12,-40,1007,-1400,0,-70,-29,-38,1008,-502,37,-504,6180
1693363,11,-39,1010,-1400,70,0,-31,-38,1017,-504,25,-501,6181
1699543,11,-39,1010,-1330,70,0,-31,-38,1017,-504,25,-501,6180
1705723,10,-41,1010,-1330,70,0,-27,-37,1016,-507,37,-501,6180
1711903,11,-39,1008,-1190,-70,0,-28,-42,1012,-507,37,-501,6180
1718083,11,-39,1008,-1190,-70,0,-28,-42,1012,-510,25,-501,6180
1724264,11,-37,1006,-1190,-70,0,-25,-37,1016,-508,24,-498,6181
1730444,11,-37,1006,-1330,0,0,-25,-37,1016,-508,24,-498,6180
1736624,11,-37,1006,-1330,0,0,-27,-40,1006,-505,28,-499,6180
1742804,11,-38,1008,-1470,0,0,-31,-36,1015,-513,24,-499,6180
1748984,10,-40,1009,-1400,0,0,-31,-36,1015,-513,24,-499,6180
1755165,10,-40,1009,-1400,0,-70,-30,-35,1009,-505,31,-507,6181
1761345,9,-39,1008,-1260,0,-70,-30,-43,1011,-505,31,-507,6180
1767525,12,-39,1008,-1260,0,-70,-30,-43,1011,-502,28,-507,6180
1773705,12,-39,1008,-1260,0,-70,-27,-37,1017,-507,28,-492,6180
1779886,11,-38,1006,-1260,0,0,-27,-37,1017,-507,28,-492,6181
1786066,10,-38,1007,-1330,0,0,-26,-42,1011,-501,28,-496,6180
1792246,10,-38,1007,-1330,0,0,-29,-39,1014,-501,21,-499,6180
1798426,9,-38,1009,-1400,0,0,-29,-39,1014,-507,21,-499,6180
1804606,9,-39,1009,-1330,0,0,-27,-37,1010,-511,34,-508,6180
1810786,9,-39,1009,-1330,0,0,-27,-37,1010,-511,34,-508,6180
1816967,11,-39,1007,-1260,0,-70,-29,-40,1006,-511,30,-498,6181
1823147,11,-39,1007,-1260,-70,-70,-29,-35,1012,-511,34,-498,6180
1829327,11,-39,1007,-1260,-70,-70,-29,-35,1012,-511,34,-498,6180
1835507,12,-39,1006,-1330,0,-70,-30,-40,1004,-513,24,-499,6180
1841687,12,-40,1007,-1330,0,0,-29,-38,1018,-513,37,-496,6180
1847868,12,-40,1007,-1330,0,0,-29,-38,1018,-514,37,-496,6181
1854048,10,-39,1007,-1330,0,0,-25,-40,1014,-501,37,-501,6180
1860228,11,-37,1009,-1330,0,-70,-25,-40,1014,-501,37,-501,6180
1866408,11,-37,1009,-1330,0,-70,-30,-38,1011,-501,28,-498,6180
1872588,11,-37,1008,-1260,-70,0,-28,-38,1015,-516,37,-502,6180
1878769,11,-37,1006,-1330,0,-70,-28,-38,1015,-516,37,-502,6181
1884949,11,-37,1006,-1330,0,-70,-30,-39,1006,-505,37,-501,6180
1891129,11,-39,1008,-1330,70,0,-28,-35,1009,-505,37,-495,6180
1897309,11,-38,1007,-1330,0,-70,-28,-35,1009,-516,25,-495,6180
1903490,11,-38,1007,-1330,0,-70,-30,-37,1011,-502,39,-501,6181
1909670,11,-39,1009,-1260,0,0,-30,-37,1011,-502,39,-501,6180
1915850,10,-38,1007,-1260,0,-70,-28,-42,1012,-517,27,-499,6180
1922030,10,-38,1007,-1260,0,-70,-26,-39,1014,-510,33,-508,6180
1928210,11,-38,1008,-1330,0,0,-26,-39,1014,-510,33,-508,6180
1934390,11,-38,1008,-1330,0,0,-28,-39,1016,-519,33,-493,6180
1940571,11,-38,1008,-1330,0,0,-28,-39,1011,-519,33,-493,6181
1946751,12,-39,1008,-1260,0,-70,-28,-36,1011,-514,36,-496,6180
1952931,12,-39,1006,-1330,0,0,-28,-37,1008,-502,33,-499,6180
1959111,10,-37,1006,-1330,0,0,-28,-37,1008,-502,33,-499,6180
1965291,11,-38,1007,-1330,0,0,-29,-36,1012,-508,24,-504,6180
1971472,11,-38,1007,-1260,0,0,-29,-41,1011,-514,27,-502,6181
1977652,10,-40,1007,-1260,0,0,-29,-41,1011,-514,27,-502,6180
1983832,10,-38,1007,-1330,0,0,-27,-39,1014,-501,33,-492,6180
1990012,10,-38,1007,-1330,0,-70,-27,-39,1014,-501,33,-492,6180
1996192,10,-40,1008,-1330,0,-70,-28,-39,1016,-498,24,-501,6180
2002373,10,-38,1008,-1260,0,0,-28,-41,1016,-508,36,-492,6181
2008553,10,-38,1008,-1260,0,-70,-28,-41,1016,-508,36,-492,6180
2014733,12,-38,1008,-1260,0,-70,-26,-37,1009,-505,24,-505,6180
2020913,12,-38,1007,-1330,-70,0,-30,-35,1010,-511,33,-504,6180
2027093,12,-38,1007,-1330,0,0,-30,-35,1010,-511,33,-504,6180
2033274,11,-39,1007,-1330,0,0,-31,-40,1005,-510,24,-513,6181
2039454,10,-41,1006,-1330,0,-70,-31,-40,1005,-510,24,-513,6180
2045634,10,-41,1006,-1260,0,0,-31,-37,1007,-508,30,-510,6180
2051814,11,-39,1006,-1260,0,0,-28,-40,1014,-502,33,-502,6180
2057994,11,-39,1008,-1330,0,0,-28,-40,1014,-502,33,-502,6180
2064175,11,-39,1008,-1330,0,0,-28,-41,1016,-507,30,-510,6181
2070355,12,-37,1010,-1330,0,0,-28,-38,1018,-498,19,-501,6180
2076535,10,-36,1011,-1330,0,-70,-26,-38,1018,-498,19,-501,6180
2082715,10,-36,1011,-1330,0,-70,-28,-39,1015,-508,25,-504,6180
2088895,10,-38,1008,-1260,0,-70,-28,-39,1015,-508,25,-504,6180
2095076,10,-38,1006,-1190,-70,0,-26,-37,1010,-507,28,-502,6181
2101256,10,-38,1006,-1190,-70,0,-27,-38,1003,-505,28,-499,6180
2107436,10,-38,1004,-1260,-70,0,-27,-38,1003,-505,28,-499,6180
2113616,11,-38,1007,-1400,0,0,-32,-37,1007,-504,25,-502,6180
2119796,11,-38,1007,-1400,0,0,-32,-37,1007,-504,31,-496,6180
2125977,10,-40,1008,-1400,70,0,-30,-36,1011,-504,31,-496,6181
2132157,11,-40,1009,-1330,70,0,-30,-40,1010,-505,27,-501,6180
2138337,11,-40,1009,-1330,70,0,-30,-40,1010,-505,27,-501,6180
2144517,11,-37,1008,-1260,0,0,-25,-39,1018,-505,27,-493,6180
2150697,11,-36,1007,-1190,0,0,-25,-39,1011,-504,22,-499,6180
2156878,11,-36,1007,-1190,0,0,-25,-39,1011,-504,22,-499,6181
2163058,10,-38,1007,-1330,0,-70,-28,-39,1014,-508,28,-504,6180
2169238,11,-39,1007,-1400,0,0,-28,-39,1014,-508,24,-496,6180
2175418,11,-39,1007,-1400,0,0,-31,-35,1008,-508,24,-496,6180
2181598,10,-40,1009,-1330,0,0,-30,-39,1007,-510,30,-495,6180
2187779,11,-40,1008,-1330,0,0,-30,-39,1007,-510,30,-495,6181
2193959,11,-40,1008,-1330,0,0,-31,-36,1008,-504,22,-502,6180
2200139,11,-39,1007,-1260,0,0,-28,-40,1006,-507,33,-507,6180
2206319,11,-38,1005,-1260,0,-70,-28,-40,1006,-507,33,-507,6180
2212499,11,-38,1005,-1260,0,-70,-28,-39,1014,-514,34,-501,6180
2218680,11,-38,1008,-1400,0,-70,-28,-39,1014,-514,28,-492,6181
2224860,10,-39,1009,-1330,0,0,-28,-39,1017,-508,28,-492,6180
2231040,10,-39,1009,-1330,0,0,-29,-42,1013,-507,28,-501,6180
2237220,10,-40,1009,-1330,0,0,-29,-42,1013,-507,28,-501,6180
2243401,11,-39,1008,-1260,0,-70,-28,-36,1017,-496,31,-498,6181
2249581,11,-39,1008,-1260,0,-70,-28,-36,1017,-507,30,-499,6180
2255761,13,-38,1007,-1260,0,0,-28,-40,1006,-507,30,-499,6180
2261941,13,-38,1006,-1260,0,0,-30,-38,1010,-504,31,-489,6180
2268121,12,-38,1006,-1260,0,0,-30,-38,1010,-504,31,-499,6180
2274301,9,-38,1008,-1330,0,0,-28,-34,1010,-511,24,-499,6180
2280482,9,-38,1008,-1400,0,0,-29,-39,1009,-502,39,-501,6181
2286662,10,-38,1008,-1400,0,0,-29,-39,1009,-502,39,-501,6180
2292842,10,-38,1008,-1330,0,-70,-28,-37,1018,-505,25,-504,6180
2299022,10,-38,1008,-1330,0,0,-28,-37,1018,-504,31,-510,6180
2305202,11,-39,1007,-1330,0,0,-29,-42,1011,-504,31,-510,6180
2311383,10,-38,1007,-1260,-70,0,-29,-41,1016,-511,31,-501,6181
2317563,10,-38,1007,-1260,0,0,-29,-41,1016,-511,31,-498,6180
2323743,11,-39,1007,-1260,0,0,-26,-38,1011,-499,33,-498,6180
2329923,10,-38,1007,-1330,0,-70,-30,-38,1009,-516,33,-493,6180
2336103,10,-38,1007,-1330,0,0,-30,-38,1009,-516,33,-493,6180
2342284,10,-38,1007,-1330,0,0,-28,-35,1015,-505,36,-501,6181
2348464,10,-38,1008,-1330,0,-70,-28,-35,1015,-508,33,-504,6180
2354644,10,-38,1008,-1330,0,0,-29,-40,1006,-508,33,-504,6180
2360824,11,-39,1008,-1330,0,0,-31,-38,1018,-519,33,-499,6180
2367004,11,-39,1008,-1330,0,0,-31,-38,1018,-519,33,-499,6180
2373185,11,-39,1008,-1260,0,0,-27,-39,1015,-508,37,-502,6181
2379365,11,-39,1007,-1260,0,0,-27,-39,1011,-502,34,-499,6180
2385545,10,-38,1008,-1260,0,0,-29,-42,1011,-502,34,-499,6180
2391725,10,-38,1008,-1260,0,-70,-27,-37,1014,-510,24,-505,6180
2397905,10,-38,1007,-1330,0,-70,-27,-37,1014,-510,31,-502,6180
2404086,11,-38,1008,-1330,0,-70,-29,-39,1007,-510,31,-502,6181
2410266,11,-38,1008,-1330,0,0,-29,-37,1010,-513,27,-504,6180
2416446,11,-39,1008,-1330,0,0,-29,-37,1010,-513,27,-504,6180
2422626,12,-38,1007,-1260,0,0,-29,-39,1010,-508,33,-501,6180
2428806,12,-38,1007,-1260,0,0,-29,-39,1010,-517,34,-502,6180
2434987,11,-38,1007,-1260,0,0,-28,-41,1012,-517,34,-502,6181
2441167,10,-39,1009,-1330,0,0,-29,-39,1013,-517,25,-502,6180
2447347,10,-39,1009,-1330,0,0,-29,-39,1013,-508,34,-499,6180
2453527,11,-38,1008,-1330,0,0,-27,-40,1014,-508,34,-499,6180
2459707,11,-38,1007,-1330,0,0,-28,-37,1011,-510,22,-501,6180
2465888,11,-38,1007,-1330,0,0,-28,-37,1011,-510,22,-501,6181
2472068,10,-39,1008,-1330,0,-70,-28,-36,1008,-502,28,-504,6180
2478248,10,-40,1007,-1330,0,-70,-28,-36,1008,-507,36,-502,6180
2484428,10,-40,1007,-1330,0,-70,-30,-37,1012,-507,36,-502,6180
2490608,10,-38,1007,-1330,0,-70,-27,-39,1012,-510,25,-501,6180
2496789,11,-39,1006,-1260,0,-70,-27,-39,1012,-501,31,-499,6181
2502969,11,-39,1006,-1260,0,-70,-29,-42,1011,-501,31,-499,6180
2509149,11,-38,1007,-1330,0,-70,-29,-40,1015,-501,25,-498,6180
2515329,11,-38,1007,-1260,0,-70,-30,-40,1015,-501,25,-498,6180
2521510,11,-38,1007,-1260,0,-70,-28,-41,1012,-513,30,-514,6181
2527690,12,-40,1008,-1330,0,-70,-28,-41,1012,-514,22,-498,6180
2533870,11,-39,1008,-1330,0,-70,-28,-39,1011,-514,22,-498,6180
2540050,11,-39,1008,-1330,0,-70,-29,-36,1011,-504,36,-501,6180
2546230,11,-38,1008,-1330,0,-70,-29,-36,1011,-510,33,-493,6180
2552410,11,-38,1007,-1330,0,-70,-29,-39,1006,-510,33,-493,6180
2558591,11,-38,1007,-1330,0,-70,-29,-39,1006,-505,37,-504,6181
2564771,11,-39,1007,-1330,0,0,-31,-37,1012,-505,37,-504,6180
2570951,10,-39,1007,-1260,0,0,-28,-38,1007,-513,25,-508,6180
2577131,10,-39,1007,-1260,0,0,-28,-38,1007,-505,28,-498,6180
2583311,10,-38,1007,-1260,0,-70,-31,-40,1012,-505,28,-498,6180
2589492,11,-39,1008,-1330,0,0,-27,-38,1014,-511,27,-495,6181
2595672,11,-39,1008,-1330,0,0,-27,-38,1014,-507,37,-502,6180
2601852,11,-38,1006,-1330,0,0,-28,-42,1010,-507,37,-502,6180
2608032,11,-38,1008,-1330,0,0,-28,-42,1010,-513,30,-498,6180
2614212,11,-38,1008,-1330,0,0,-27,-36,1017,-513,30,-498,6180
2620393,11,-39,1007,-1260,0,-70,-27,-38,1010,-508,30,-511,6181
2626573,11,-39,1007,-1260,0,-70,-27,-38,1010,-498,37,-495,6180
2632753,10,-38,1007,-1260,0,-70,-29,-39,1010,-498,37,-495,6180
2638933,11,-39,1007,-1330,0,0,-27,-35,1009,-510,27,-505,6180
2645114,11,-39,1007,-1330,0,0,-27,-35,1009,-510,27,-501,6181
2651294,11,-39,1007,-1330,0,0,-30,-41,1006,-514,27,-501,6180
2657474,11,-38,1007,-1330,0,-70,-30,-41,1006,-511,33,-510,6180
2663654,11,-38,1007,-1330,0,-70,-29,-37,1014,-511,33,-510,6180
2669834,10,-38,1008,-1330,0,-70,-28,-38,1009,-508,22,-499,6180
2676014,11,-39,1007,-1330,0,0,-28,-38,1009,-508,37,-501,6180
2682195,11,-39,1007,-1330,0,0,-29,-39,1019,-508,37,-501,6181
2688375,11,-38,1007,-1330,0,0,-29,-39,1015,-505,31,-499,6180
2694555,11,-38,1008,-1260,0,0,-26,-40,1015,-505,28,-501,6180
2700735,11,-38,1008,-1330,0,0,-27,-37,1012,-505,28,-501,6180
2706915,11,-39,1008,-1330,0,0,-27,-37,1012,-510,34,-496,6180
2713096,10,-38,1007,-1330,0,-70,-29,-35,1010,-510,34,-496,6181
2719276,10,-38,1007,-1330,0,-70,-29,-37,1007,-511,25,-502,6180
2725456,10,-39,1007,-1260,0,-70,-29,-37,1007,-513,21,-486,6180
2731636,11,-38,1007,-1260,0,-70,-29,-37,1005,-513,21,-486,6180
2737816,11,-38,1007,-1260,0,-70,-29,-37,1005,-502,28,-499,6180
2743997,10,-37,1007,-1330,0,-70,-28,-39,1014,-502,28,-504,6181
2750177,10,-38,1009,-1330,0,0,-27,-41,1015,-508,31,-504,6180
2756357,10,-38,1009,-1330,0,0,-27,-41,1015,-507,33,-504,6180
2762537,11,-37,1010,-1330,0,-70,-25,-39,1021,-507,33,-504,6180
2768717,10,-39,1009,-1330,0,0,-31,-39,1003,-504,33,-502,6180
2774898,10,-39,1009,-1330,0,0,-31,-39,1003,-510,30,-507,6181
2781078,9,-44,1000,-1120,-70,0,-35,-36,1001,-510,30,-507,6180
2787258,11,-39,997,-980,-210,-70,-35,-36,1001,-505,22,-493,6180
2793438,11,-39,997,-980,-210,-70,-22,-37,1008,-505,22,-493,6180
2799618,12,-36,1009,-1540,70,-70,-28,-40,1015,-508,28,-496,6180
2805799,11,-39,1018,-1820,350,-70,-28,-40,1015,-510,22,-496,6181
2811979,11,-39,1018,-1820,350,-70,-30,-34,1022,-510,22,-496,6180
2818159,8,-41,1018,-1400,140,-70,-30,-34,1013,-511,25,-493,6180
2824339,12,-36,1009,-840,-280,0,-27,-41,1013,-501,25,-496,6180
2830520,12,-36,1009,-840,-280,0,-26,-41,1007,-501,25,-496,6181
2836700,12,-35,997,-630,-280,-70,-26,-41,1007,-507,22,-507,6180
2842880,11,-34,998,-1190,-70,-70,-23,-41,1005,-507,22,-507,6180
2849060,11,-34,998,-1190,-70,-70,-33,-39,1010,-510,31,-507,6180
2855240,10,-41,1010,-2030,210,0,-33,-39,1010,-510,34,-499,6180
2861420,9,-44,1020,-1890,280,0,-34,-30,1024,-510,34,-499,6180
2867601,9,-44,1020,-1890,280,0,-34,-30,1024,-511,28,-493,6181
2873781,10,-41,1016,-1120,-70,-70,-31,-39,1012,-511,33,-511,6180
2879961,11,-35,1002,-560,-280,-70,-24,-40,1008,-511,33,-511,6180
2886141,11,-35,1002,-560,-280,-70,-24,-40,1008,-508,27,-505,6180
2892321,13,-31,995,-910,-210,-70,-21,-39,1006,-508,27,-505,6180
2898502,11,-34,1004,-1750,140,0,-28,-40,1013,-505,27,-499,6181
2904682,11,-34,1004,-1750,140,0,-28,-40,1013,-510,30,-507,6180
2910862,9,-43,1017,-1960,350,0,-34,-31,1023,-510,30,-507,6180
2917042,8,-46,1017,-1400,70,-70,-34,-31,1023,-507,34,-505,6180
2923222,8,-46,1017,-1400,70,-70,-35,-38,1008,-516,21,-498,6180
2929403,11,-40,1009,-630,-280,-70,-26,-39,1001,-516,21,-498,6181
2935583,11,-34,997,-700,-210,-70,-26,-39,1001,-505,37,-510,6180
2941763,12,-34,997,-700,-210,-70,-24,-40,1003,-505,37,-510,6180
2947943,12,-33,998,-1400,70,0,-26,-40,1013,-513,31,-508,6180
2954124,12,-33,1010,-1960,280,-70,-26,-40,1013,-510,34,-499,6181
2960304,10,-39,1010,-1960,280,-70,-34,-38,1017,-510,34,-499,6180
2966484,9,-43,1016,-1680,140,0,-34,-38,1017,-517,27,-489,6180
2972664,9,-43,1016,-1050,-140,-70,-33,-35,1022,-516,31,-505,6180
2978844,9,-41,1011,-1050,-140,-70,-28,-38,998,-516,31,-505,6180
2985024,11,-38,1003,-770,-210,-70,-28,-38,998,-501,28,-501,6180
2991205,11,-38,1003,-1120,-70,0,-30,-39,1003,-501,28,-501,6181
2997385,11,-37,999,-1120,-70,0,-30,-39,1003,-508,24,-499,6180
3003565,10,-38,1004,-1610,140,-70,-26,-36,1013,-504,24,-490,6180
3009745,10,-38,1004,-1680,140,-70,-29,-40,1020,-504,24,-490,6180
3015925,12,-40,1013,-1680,140,-70,-29,-40,1020,-511,33,-502,6180
3022106,11,-37,1013,-1190,0,-70,-26,-38,1018,-507,34,-504,6181
3028286,11,-37,1013,-1120,-140,-70,-24,-42,1010,-507,34,-504,6180
3034466,12,-37,1010,-1120,-140,-70,-24,-42,1010,-501,25,-495,6180
3040646,14,-35,1006,-1120,-70,0,-26,-37,1010,-501,25,-495,6180
3046826,14,-35,1006,-1470,70,-70,-26,-37,1010,-513,18,-496,6180
3053007,11,-37,1006,-1470,70,-70,-26,-40,1008,-511,33,-501,6181
3059187,11,-39,1011,-1540,70,0,-28,-38,1016,-511,33,-501,6180
3065367,11,-39,1011,-1540,0,-70,-28,-38,1016,-505,28,-502,6180
3071547,10,-41,1010,-1330,0,-70,-31,-37,1013,-510,37,-499,6180
3077727,10,-39,1004,-1050,-140,-70,-30,-38,1007,-510,37,-499,6180
3083908,10,-39,1004,-1050,-140,-70,-30,-38,1007,-511,33,-498,6181
3090088,12,-38,1003,-1120,-70,-70,-30,-37,1002,-511,33,-498,6180
3096268,12,-41,1004,-1330,0,0,-30,-37,1002,-508,34,-496,6180
3102448,12,-41,1004,-1330,0,0,-32,-36,1008,-514,25,-492,6180
3108628,11,-41,1008,-1540,140,0,-30,-40,1014,-514,25,-492,6180
3114809,10,-41,1010,-1400,70,-70,-30,-40,1014,-507,24,-499,6181
3120989,10,-41,1010,-1400,70,-70,-28,-40,1013,-499,27,-496,6180
3127169,11,-39,1009,-1120,0,-70,-28,-40,1015,-499,27,-496,6180
3133349,10,-37,1005,-1120,-70,-70,-25,-41,1015,-516,37,-495,6180
3139529,10,-37,1005,-1120,-70,-70,-27,-41,1008,-516,37,-495,6180
3145710,11,-38,1004,-1190,-70,-70,-27,-41,1008,-504,34,-499,6181
3151890,10,-39,1005,-1330,0,-70,-30,-36,1007,-519,27,-504,6180
3158070,10,-39,1005,-1330,0,-70,-32,-33,1010,-519,27,-504,6180
3164250,10,-40,1010,-1400,140,-70,-32,-33,1010,-514,25,-502,6180
3170431,11,-39,1010,-1260,70,-70,-28,-38,1010,-514,30,-507,6181
3176611,11,-39,1010,-1260,70,-70,-28,-38,1010,-517,30,-507,6180
3182791,12,-36,1010,-1260,70,-70,-27,-41,1014,-507,28,-504,6180
3188971,12,-35,1009,-1330,70,-70,-25,-39,1018,-507,28,-504,6180
3195151,12,-35,1009,-1330,70,-70,-25,-39,1018,-511,30,-501,6180
3201331,12,-37,1008,-1330,0,0,-25,-40,1008,-510,31,-496,6180
3207512,10,-39,1006,-1330,0,-70,-30,-40,1014,-510,31,-496,6181
3213692,10,-39,1006,-1330,0,-70,-30,-40,1014,-513,28,-508,6180
3219872,13,-39,1006,-1330,-70,-70,-27,-36,1010,-513,28,-495,6180
3226052,11,-41,1006,-1330,0,0,-27,-36,1010,-510,31,-495,6180
3232232,11,-41,1006,-1330,0,0,-31,-38,1006,-504,33,-496,6180
3238413,12,-39,1009,-1330,0,-70,-32,-36,1016,-504,33,-496,6181
3244593,10,-42,1008,-1400,70,-70,-32,-36,1016,-511,19,-492,6180
3250773,10,-42,1008,-1400,70,-70,-29,-40,1009,-510,30,-490,6180
3256953,11,-39,1009,-1260,0,-70,-29,-40,1013,-510,30,-490,6180
3263134,11,-39,1005,-1120,-70,-70,-29,-43,1013,-510,31,-496,6181
3269314,11,-39,1005,-1120,-70,-70,-25,-38,1010,-510,31,-496,6180
3275494,11,-37,1005,-1260,0,-70,-25,-38,1010,-499,24,-496,6180
3281674,11,-37,1007,-1470,70,-70,-29,-39,1006,-514,33,-504,6180
3287854,9,-40,1007,-1470,70,-70,-32,-35,1013,-514,33,-504,6180
3294034,10,-41,1010,-1400,70,-70,-32,-35,1013,-508,30,-501,6180
3300215,10,-41,1010,-1190,0,-140,-32,-35,1006,-511,28,-493,6181
3306395,8,-41,1008,-1190,0,-140,-32,-35,1006,-511,28,-493,6180
3312575,10,-39,1004,-1050,-70,-70,-30,-36,1010,-501,30,-498,6180
3318755,10,-39,1004,-1190,0,-70,-26,-37,1008,-501,30,-498,6180
3324935,11,-37,1004,-1190,0,-70,-26,-37,1008,-505,28,-501,6180
3331116,11,-37,1005,-1400,70,-70,-28,-41,1012,-513,25,-507,6181
3337296,11,-37,1005,-1470,140,-70,-29,-38,1016,-513,25,-507,6180
3343476,10,-39,1010,-1470,140,-70,-29,-38,1016,-513,27,-495,6180
3349656,12,-39,1011,-1330,0,-70,-29,-40,1014,-505,18,-499,6180
3355836,12,-39,1011,-1190,-70,-70,-29,-40,1014,-505,18,-499,6180
3362017,11,-37,1011,-1190,-70,-70,-27,-39,1015,-501,31,-498,6181
3368197,11,-36,1011,-1260,0,0,-24,-34,1012,-501,31,-498,6180
3374377,11,-36,1011,-1330,70,-70,-24,-34,1012,-507,27,-504,6180
3380557,9,-36,1009,-1330,70,-70,-30,-38,1006,-510,30,-498,6180
3386737,10,-38,1008,-1330,0,0,-29,-36,1014,-510,30,-498,6180
3392918,10,-38,1008,-1330,-70,0,-29,-36,1014,-504,24,-505,6181
3399098,10,-39,1007,-1260,-70,0,-29,-40,1005,-507,25,-501,6180
3405278,10,-40,1006,-1260,0,0,-29,-40,1005,-507,25,-501,6180
3411458,10,-40,1006,-1260,0,-70,-30,-41,1016,-507,25,-496,6180
3417638,11,-39,1005,-1330,0,-70,-27,-38,1013,-507,25,-496,6180
3423819,13,-40,1008,-1400,0,-70,-27,-38,1013,-513,34,-496,6181
3429999,13,-40,1008,-1400,0,-70,-31,-40,1009,-513,27,-486,6180
3436179,12,-40,1008,-1260,0,-70,-31,-40,1009,-513,27,-486,6180
3442359,11,-38,1006,-1190,0,0,-28,-36,1011,-507,31,-501,6180
3448539,11,-38,1006,-1190,0,0,-29,-38,1001,-516,33,-496,6180
3454720,11,-38,1004,-1190,-70,0,-29,-38,1001,-516,33,-496,6181
3460900,11,-39,1004,-1260,0,-70,-30,-37,1013,-507,28,-493,6180
3467080,11,-39,1004,-1260,0,-70,-30,-37,1010,-507,28,-493,6180
3473260,11,-40,1006,-1400,0,-70,-30,-37,1010,-511,28,-501,6180
3479440,10,-41,1009,-1330,70,-70,-31,-41,1010,-507,24,-499,6180
3485621,10,-41,1009,-1330,70,-70,-31,-41,1010,-507,24,-499,6181
3491801,12,-39,1009,-1190,0,-70,-28,-39,1015,-508,31,-493,6180
3497981,11,-39,1005,-1120,-70,-70,-28,-40,1009,-510,33,-502,6180
3504161,11,-39,1005,-1120,-70,-70,-28,-40,1009,-510,33,-502,6180
3510341,10,-38,1004,-1260,0,-70,-28,-40,1010,-502,31,-495,6180
3516522,9,-39,1004,-1330,70,-70,-30,-35,1009,-502,31,-495,6181
3522702,9,-39,1004,-1330,70,-70,-30,-35,1009,-502,27,-483,6180
3528882,10,-39,1006,-1330,0,-70,-31,-37,1011,-513,22,-499,6180
3535062,10,-40,1008,-1260,70,-70,-31,-37,1011,-513,22,-499,6180
3541242,10,-40,1008,-1260,70,-70,-28,-34,1007,-499,28,-495,6180
3547423,10,-37,1012,-1330,70,-70,-28,-38,1017,-505,28,-492,6181
3553603,10,-35,1011,-1330,70,-70,-28,-38,1017,-505,28,-492,6180
3559783,10,-35,1011,-1330,70,-70,-25,-37,1018,-511,31,-493,6180
3565963,11,-34,1015,-1260,0,-70,-25,-37,1016,-511,31,-493,6180
3572144,12,-33,1011,-1190,0,-70,-23,-43,1016,-507,27,-501,6181
3578324,12,-33,1011,-1190,0,-70,-22,-39,1015,-514,27,-501,6180
3584504,10,-35,1008,-1260,-70,-70,-22,-39,1015,-514,27,-501,6180
3590684,10,-39,1006,-1260,-140,0,-27,-40,1015,-511,25,-501,6180
3596864,10,-39,1006,-1260,-140,0,-30,-40,1009,-511,40,-498,6180
3603045,9,-40,1007,-1400,0,0,-30,-40,1009,-511,40,-498,6181
3609225,9,-40,1004,-1400,0,-70,-30,-39,1014,-516,33,-507,6180
3615405,10,-42,1004,-1400,0,-70,-30,-39,1014,-516,33,-507,6180
3621585,10,-41,1008,-1330,0,-70,-30,-38,1011,-516,24,-495,6180
3627765,10,-41,1008,-1190,0,-70,-30,-39,1000,-510,21,-495,6180
3633945,11,-40,1005,-1190,0,-70,-30,-39,1000,-510,21,-495,6180
3640126,11,-37,1005,-1190,0,-70,-27,-35,1010,-499,33,-492,6181
3646306,11,-37,1005,-1400,0,-70,-28,-39,1005,-499,24,-498,6180
3652486,12,-37,1007,-1400,0,-70,-28,-39,1005,-510,24,-498,6180
3658666,11,-37,1009,-1400,0,-70,-30,-37,1016,-508,43,-501,6180
3664846,11,-37,1009,-1330,0,-70,-30,-37,1016,-508,43,-501,6180
3671027,10,-40,1010,-1330,0,-70,-29,-35,1014,-505,27,-510,6181
3677207,9,-41,1009,-1190,-70,-70,-29,-43,1009,-510,34,-501,6180
3683387,9,-41,1009,-1120,-70,0,-29,-43,1009,-510,34,-501,6180
3689567,10,-40,1004,-1120,-70,0,-29,-39,1010,-508,28,-507,6180
3695747,11,-38,1001,-1190,-70,0,-29,-39,1009,-508,27,-505,6180
3701928,11,-38,1001,-1330,70,0,-28,-39,1009,-502,27,-505,6181
3708108,10,-40,1002,-1330,70,0,-29,-40,1013,-510,34,-498,6180
3714288,10,-40,1006,-1400,70,-70,-29,-40,1013,-510,34,-498,6180
3720468,10,-40,1006,-1400,0,-70,-29,-37,1012,-505,28,-501,6180
3726648,12,-38,1010,-1400,0,-70,-29,-36,1015,-505,31,-499,6180
3732829,12,-37,1013,-1330,0,-70,-29,-36,1015,-505,31,-499,6181
3739009,12,-37,1013,-1330,0,-70,-26,-41,1008,-508,21,-505,6180
3745189,12,-36,1012,-1260,0,-70,-26,-41,1008,-508,21,-501,6180
3751369,12,-35,1010,-1260,0,0,-25,-40,1012,-502,31,-501,6180
3757549,12,-35,1010,-1260,0,0,-24,-39,1012,-511,34,-504,6180
3763730,10,-35,1008,-1260,0,0,-24,-39,1012,-511,34,-504,6181
3769910,11,-37,1008,-1330,0,0,-26,-40,1012,-504,27,-496,6180
3776090,11,-37,1008,-1330,0,0,-28,-37,1012,-511,33,-496,6180
3782270,11,-39,1008,-1330,0,0,-28,-37,1012,-511,33,-496,6180
3788450,10,-41,1006,-1400,0,0,-30,-40,1011,-505,36,-495,6180
3794631,10,-41,1006,-1400,0,0,-30,-40,1011,-505,36,-495,6181
3800811,10,-41,1007,-1330,0,-70,-30,-34,1010,-507,39,-505,6180
3806991,11,-38,1006,-1190,0,0,-28,-36,1005,-511,36,-501,6180
3813171,11,-38,1006,-1190,0,0,-28,-36,1005,-511,36,-501,6180
3819351,10,-37,1006,-1330,0,0,-29,-37,1007,-511,22,-495,6180
3825532,11,-38,1007,-1330,0,0,-28,-37,1011,-502,27,-495,6181
3831712,11,-38,1007,-1330,0,0,-28,-37,1011,-502,27,-495,6180
3837892,12,-38,1008,-1400,0,-70,-29,-41,1008,-501,34,-498,6180
3844072,11,-39,1010,-1330,0,-70,-29,-41,1008,-501,34,-498,6180
3850252,11,-39,1010,-1330,0,-70,-30,-38,1018,-505,30,-504,6180
3856433,11,-40,1008,-1260,0,-70,-29,-39,1010,-508,31,-493,6181
3862613,10,-39,1006,-1330,0,0,-29,-39,1010,-508,31,-493,6180
3868793,10,-39,1006,-1330,0,0,-29,-40,1014,-508,42,-498,6180
3874973,11,-39,1005,-1330,0,0,-29,-40,1011,-505,22,-492,6180
3881154,10,-38,1006,-1330,0,0,-26,-35,1011,-505,22,-492,6181
3887334,10,-38,1006,-1330,0,0,-27,-39,1007,-499,33,-489,6180
3893514,11,-38,1007,-1260,0,-70,-27,-39,1007,-499,33,-489,6180
3899694,10,-38,1007,-1330,0,-70,-29,-37,1014,-507,31,-511,6180
3905874,10,-38,1007,-1330,0,-70,-30,-36,1008,-507,27,-501,6180
3912055,11,-39,1007,-1330,0,-70,-30,-36,1008,-507,27,-501,6181
3918235,11,-40,1008,-1330,0,0,-30,-38,1007,-511,22,-498,6180
3924415,10,-40,1008,-1330,0,0,-30,-38,1007,-513,25,-498,6180
3930595,10,-39,1006,-1260,0,0,-29,-40,1014,-513,25,-498,6180
3936775,10,-39,1005,-1330,0,0,-30,-41,1010,-498,30,-502,6180
3942955,9,-40,1005,-1330,0,0,-30,-41,1010,-498,30,-502,6180
3949136,10,-39,1005,-1190,0,-70,-28,-39,1017,-505,37,-505,6181
3955316,10,-39,1005,-1260,0,-70,-27,-39,1014,-511,22,-505,6180
3961496,11,-37,1007,-1260,0,-70,-27,-39,1014,-511,22,-505,6180
3967676,11,-37,1012,-1470,70,-70,-26,-37,1020,-511,25,-496,6180
3973856,11,-37,1012,-1470,70,0,-26,-37,1020,-510,40,-495,6180
3980037,11,-35,1016,-1470,70,0,-27,-36,1014,-510,40,-495,6181
3986217,11,-36,1014,-1260,0,0,-26,-37,1012,-501,28,-495,6180
3992397,11,-36,1014,-1120,-70,0,-26,-37,1012,-501,28,-495,6180
3998577,13,-36,1007,-1120,-70,0,-27,-39,1007,-496,33,-498,6180
4004757,12,-36,1002,-1120,-140,0,-27,-39,1007,-505,33,-501,6180
4010938,12,-36,1002,-1330,0,0,-27,-39,1007,-505,33,-501,6181
4017118,10,-38,1003,-1330,0,0,-30,-37,1015,-511,31,-504,6180
4023298,10,-41,1007,-1540,70,-70,-30,-37,1015,-505,33,-496,6180
4029478,10,-41,1007,-1470,70,0,-30,-41,1015,-505,33,-496,6180
4035658,9,-43,1011,-1470,70,0,-28,-37,1012,-507,28,-511,6180
4041839,11,-39,1010,-1190,0,-70,-28,-37,1012,-507,28,-511,6181
4048019,11,-39,1010,-1190,-70,-70,-26,-38,1008,-504,24,-493,6180
4054199,11,-37,1006,-1120,-70,-70,-26,-38,1008,-511,28,-495,6180
4060379,12,-35,1005,-1260,-70,0,-27,-37,1002,-511,28,-495,6180
4066559,12,-35,1005,-1260,-70,0,-28,-36,1006,-505,30,-496,6180
4072740,12,-38,1006,-1400,0,0,-28,-36,1006,-501,31,-501,6181
4078920,11,-40,1008,-1470,0,0,-30,-37,1014,-501,31,-501,6180
4085100,11,-40,1008,-1470,0,0,-32,-40,1016,-504,34,-498,6180
4091280,11,-42,1007,-1330,-70,0,-32,-40,1016,-504,34,-498,6180
4097460,9,-41,1005,-1120,-70,-70,-29,-40,1010,-501,28,-498,6180
4103641,9,-41,1005,-1120,-70,-70,-29,-40,1010,-523,30,-490,6181
4109821,10,-39,1004,-1260,0,0,-28,-38,1012,-523,30,-490,6180
4116001,12,-38,1006,-1400,70,0,-25,-36,1010,-511,25,-502,6180
4122181,12,-38,1006,-1400,70,0,-25,-36,1010,-511,30,-486,6180
4128361,11,-38,1009,-1400,70,0,-28,-39,1009,-505,30,-486,6180
4134542,10,-37,1009,-1330,0,-70,-29,-36,1012,-508,39,-501,6181
4140722,10,-37,1009,-1330,0,-70,-29,-36,1012,-508,39,-501,6180
4146902,12,-39,1006,-1190,-70,-70,-30,-39,1007,-510,37,-501,6180
4153082,12,-38,1004,-1190,-70,-70,-30,-39,1007,-510,25,-504,6180
4159262,12,-38,1004,-1190,-70,-70,-30,-40,1011,-510,25,-504,6180
4165443,11,-39,1007,-1400,70,0,-27,-37,1016,-504,31,-510,6181
4171623,11,-39,1009,-1470,140,-70,-27,-37,1016,-504,25,-510,6180
4177803,11,-39,1009,-1470,140,-70,-26,-40,1020,-498,25,-510,6180
4183983,10,-38,1014,-1400,70,0,-26,-40,1020,-505,27,-504,6180
4190163,11,-36,1013,-1190,0,-70,-24,-37,1017,-505,27,-504,6180
4196344,11,-36,1013,-1190,0,-70,-23,-39,1008,-514,28,-501,6181
4202524,12,-35,1007,-1120,-70,0,-23,-39,1008,-513,30,-502,6180
4208704,12,-37,1007,-1330,-70,0,-28,-38,1010,-513,30,-502,6180
4214884,12,-37,1007,-1330,-70,0,-30,-37,1010,-507,28,-499,6180
4221064,11,-40,1006,-1470,0,0,-30,-37,1010,-507,28,-501,6180
4227245,8,-42,1007,-1400,0,0,-31,-37,1005,-508,24,-501,6181
4233425,8,-42,1007,-1400,0,0,-31,-37,1005,-516,33,-502,6180
4239605,10,-42,1007,-1400,0,0,-33,-35,1012,-516,33,-502,6180
4245785,10,-40,1006,-1260,0,0,-28,-39,1007,-508,28,-502,6180
4251965,10,-40,1006,-1260,0,0,-28,-39,1007,-504,33,-501,6180
4258146,11,-36,1005,-1260,0,0,-28,-38,1008,-504,33,-501,6181
4264326,11,-36,1007,-1330,0,0,-28,-42,1017,-504,25,-510,6180
4270506,11,-36,1007,-1330,0,0,-28,-42,1017,-504,25,-510,6180
4276686,11,-38,1008,-1400,70,0,-25,-41,1013,-510,30,-507,6180
4282866,11,-38,1011,-1330,0,0,-25,-41,1013,-502,36,-495,6180
4289047,10,-40,1011,-1330,0,0,-30,-42,1010,-502,36,-495,6181
4295227,9,-40,1008,-1260,-70,0,-31,-36,1011,-516,27,-504,6180
4301407,9,-40,1008,-1260,-70,0,-31,-36,1011,-505,34,-505,6180
4307587,10,-40,1005,-1260,-70,0,-26,-38,1006,-505,34,-505,6180
4313767,10,-37,1003,-1260,0,0,-26,-38,1008,-502,28,-507,6180
4319948,10,-37,1003,-1400,70,0,-30,-35,1008,-502,28,-507,6181
4326128,10,-39,1006,-1400,70,0,-30,-39,1007,-499,33,-502,6180
4332308,11,-39,1009,-1470,70,0,-30,-39,1007,-499,37,-496,6180
4338488,11,-39,1009,-1330,0,-70,-29,-35,1014,-499,37,-496,6180
4344668,10,-39,1010,-1330,0,-70,-29,-40,1004,-504,30,-504,6180
4350849,11,-38,1009,-1260,-70,-70,-29,-40,1004,-505,30,-490,6181
4357029,11,-38,1009,-1190,-70,0,-31,-37,1013,-505,30,-490,6180
4363209,11,-38,1006,-1190,-70,0,-31,-37,1013,-511,30,-496,6180
4369389,12,-39,1004,-1260,0,-70,-28,-39,1007,-511,30,-496,6180
4375569,12,-39,1004,-1260,0,0,-31,-43,1012,-510,30,-496,6180
4381750,11,-40,1006,-1330,0,0,-31,-43,1012,-499,33,-495,6181
4387930,11,-38,1009,-1330,0,-70,-27,-38,1019,-499,33,-495,6180
4394110,11,-38,1009,-1330,0,-70,-26,-39,1011,-505,27,-499,6180
4400290,9,-38,1009,-1330,70,-70,-26,-39,1011,-499,27,-499,6180
4406470,10,-36,1011,-1400,0,0,-26,-40,1019,-499,27,-499,6180
4412651,10,-36,1011,-1400,0,0,-26,-40,1019,-501,24,-510,6181
4418831,10,-36,1013,-1330,0,0,-26,-35,1013,-501,24,-510,6180
4425011,9,-35,1009,-1260,0,-70,-29,-37,1011,-507,28,-507,6180
4431191,9,-35,1009,-1260,0,-70,-29,-37,1011,-508,27,-498,6180
4437371,11,-38,1007,-1260,-70,-70,-29,-36,1008,-508,27,-498,6180
4443552,10,-38,1005,-1260,-70,0,-29,-39,1008,-510,28,-496,6181
4449732,10,-38,1005,-1260,-70,0,-30,-39,1008,-513,28,-505,6180
4455912,11,-39,1005,-1330,0,0,-30,-38,1014,-513,28,-505,6180
4462092,11,-41,1007,-1400,0,-70,-30,-38,1014,-499,37,-496,6180
4468272,11,-41,1007,-1400,0,-70,-29,-43,1013,-499,37,-496,6180
4474453,11,-41,1008,-1400,0,-70,-27,-38,1016,-508,27,-501,6181
4480633,10,-39,1009,-1330,0,-70,-27,-38,1016,-511,34,-499,6180
4486813,10,-39,1009,-1330,0,-70,-27,-40,1012,-511,34,-499,6180
4492993,12,-37,1007,-1330,-70,0,-27,-40,1012,-511,25,-502,6180
4499173,12,-37,1006,-1260,-70,0,-27,-41,1012,-510,30,-505,6180
4505354,12,-37,1006,-1260,-70,0,-25,-39,1008,-510,30,-505,6181
4511534,11,-38,1007,-1400,-70,0,-25,-39,1008,-505,25,-496,6180
4517714,10,-41,1006,-1330,-70,-70,-28,-38,1013,-505,25,-496,6180
4523894,10,-41,1006,-1330,-70,-70,-32,-37,1007,-510,19,-499,6180
4530074,10,-41,1005,-1260,0,0,-32,-37,1007,-505,30,-496,6180
4536255,11,-41,1005,-1330,0,0,-31,-33,1010,-505,30,-496,6181
4542435,11,-41,1005,-1330,0,0,-31,-33,1010,-510,28,-495,6180
4548615,10,-40,1006,-1330,0,-70,-30,-37,1004,-504,31,-495,6180
4554795,11,-38,1007,-1330,0,0,-30,-39,1012,-504,31,-495,6180
4560975,11,-38,1007,-1330,0,0,-30,-39,1012,-507,37,-505,6180
4567156,12,-39,1008,-1330,0,-70,-29,-38,1012,-507,37,-505,6181
4573336,13,-39,1005,-1190,0,-70,-30,-41,1010,-507,30,-504,6180
4579516,13,-39,1005,-1190,0,-70,-30,-41,1010,-505,36,-502,6180
4585696,11,-39,1004,-1260,-70,-70,-28,-39,1012,-505,36,-502,6180
4591876,11,-39,1007,-1330,0,-70,-28,-39,1012,-508,27,-501,6180
4598057,14,-39,1007,-1330,0,-70,-27,-40,1014,-502,24,-501,6181
4604237,11,-38,1010,-1470,140,0,-26,-40,1019,-502,24,-501,6180
4610417,11,-38,1014,-1400,70,0,-26,-40,1019,-504,33,-493,6180
4616597,10,-35,1014,-1400,70,0,-25,-38,1018,-504,33,-493,6180
4622777,11,-36,1014,-1330,0,0,-25,-38,1012,-513,25,-504,6180
4628958,11,-36,1014,-1120,-70,0,-24,-35,1012,-508,27,-489,6181
4635138,10,-36,1009,-1120,-70,0,-27,-41,1001,-508,27,-489,6180
4641318,12,-37,1004,-1190,-140,0,-27,-41,1001,-507,31,-504,6180
4647498,12,-37,1004,-1330,-70,0,-30,-37,1010,-507,31,-498,6180
4653678,11,-37,1004,-1330,-70,0,-31,-36,1004,-505,31,-498,6180
4659859,9,-41,1006,-1400,70,-70,-31,-36,1004,-505,36,-504,6181
4666039,9,-41,1006,-1400,0,0,-34,-36,1008,-505,36,-504,6180
4672219,11,-42,1008,-1400,0,0,-34,-36,1008,-510,31,-499,6180
4678399,11,-40,1007,-1330,0,0,-31,-38,1014,-510,34,-501,6180
4684579,11,-40,1007,-1190,-70,0,-27,-40,1012,-510,34,-501,6180
4690760,9,-37,1006,-1190,-70,0,-27,-40,1012,-516,27,-501,6181
4696940,11,-36,1006,-1330,0,-70,-23,-39,1017,-516,27,-504,6180
4703120,11,-36,1006,-1400,0,0,-28,-37,1013,-513,30,-504,6180
4709300,10,-37,1008,-1400,0,0,-28,-37,1013,-504,39,-499,6180
4715480,10,-40,1008,-1400,0,-70,-30,-37,1011,-504,39,-499,6180
4721661,10,-40,1008,-1400,-70,-70,-30,-37,1011,-511,39,-492,6181
4727841,10,-41,1007,-1260,-70,-70,-31,-36,1002,-514,36,-493,6180
4734021,10,-41,1005,-1190,-70,-70,-31,-37,1008,-514,36,-493,6180
4740201,10,-41,1005,-1190,-70,-70,-31,-37,1008,-508,31,-504,6180
4746381,10,-39,1003,-1260,0,-70,-29,-38,1007,-508,31,-495,6180
4752562,10,-38,1006,-1400,70,-70,-29,-38,1009,-498,33,-495,6181
4758742,10,-38,1006,-1400,70,-70,-30,-39,1009,-501,34,-501,6180
4764922,9,-36,1008,-1400,70,-70,-28,-33,1015,-501,34,-501,6180
4771102,9,-38,1009,-1260,0,-70,-28,-33,1015,-510,30,-493,6180
4777282,9,-38,1009,-1260,0,-70,-28,-36,1010,-508,28,-502,6180
4783463,10,-37,1007,-1260,-70,-70,-29,-38,1006,-508,28,-502,6181
4789643,10,-38,1005,-1260,-70,-70,-29,-38,1006,-502,24,-507,6180
4795823,10,-38,1005,-1260,-70,-70,-27,-37,1019,-502,24,-507,6180
4802003,10,-38,1006,-1330,0,-70,-27,-37,1019,-507,39,-501,6180
4808184,10,-39,1009,-1400,70,-70,-25,-41,1013,-508,42,-495,6181
4814364,10,-39,1009,-1400,70,-70,-28,-39,1014,-508,42,-495,6180
4820544,10,-39,1011,-1400,70,-70,-28,-39,1014,-513,24,-499,6180
4826724,10,-36,1013,-1260,0,-70,-25,-37,1021,-502,28,-502,6180
4832904,10,-36,1013,-1260,0,-70,-26,-39,1008,-502,28,-502,6180
4839084,12,-36,1011,-1330,-70,-70,-26,-39,1008,-508,33,-499,6180
4845265,12,-37,1009,-1260,-70,0,-27,-36,1011,-508,33,-499,6181
4851445,12,-37,1009,-1260,-70,0,-27,-36,1011,-502,25,-496,6180
4857625,11,-38,1007,-1260,-70,-70,-30,-39,1010,-513,31,-510,6180
4863805,12,-39,1007,-1400,-70,-70,-30,-32,1006,-513,31,-510,6180
4869985,12,-39,1007,-1400,-70,-70,-30,-32,1006,-508,37,-496,6180
4876166,9,-40,1006,-1400,-70,-70,-32,-41,1005,-510,40,-498,6181
4882346,11,-40,1007,-1260,-70,0,-29,-34,1013,-510,40,-498,6180
4888526,11,-40,1007,-1260,-70,0,-29,-34,1013,-502,33,-493,6180
4894706,12,-38,1008,-1260,0,-70,-28,-39,1007,-502,33,-493,6180
4900887,14,-38,1008,-1330,0,-70,-28,-39,1007,-508,30,-501,6181
4907067,14,-38,1008,-1330,0,-70,-29,-43,1015,-510,31,-499,6180
4913247,14,-38,1011,-1400,0,-70,-29,-46,1013,-510,31,-499,6180
4919427,14,-39,1009,-1400,0,0,-29,-46,1013,-507,36,-498,6180
4925607,14,-39,1009,-1400,0,0,-28,-39,1020,-498,37,-489,6180
4931787,11,-38,1007,-1260,-70,0,-28,-39,1020,-498,37,-489,6180
4937968,11,-38,1004,-1260,-70,0,-29,-40,1008,-505,36,-501,6181
4944148,10,-41,1004,-1260,-70,0,-28,-35,1006,-505,36,-501,6180
4950328,7,-39,1004,-1330,0,-70,-28,-35,1006,-501,28,-493,6180
4956508,7,-39,1004,-1470,70,0,-29,-33,1006,-511,24,-502,6180
4962688,8,-40,1005,-1470,70,0,-30,-35,1010,-511,24,-502,6180
4968869,9,-39,1008,-1470,70,-70,-30,-35,1010,-519,24,-501,6181
4975049,9,-39,1008,-1330,0,-70,-29,-37,1012,-508,31,-496,6180
4981229,11,-38,1009,-1330,0,-70,-29,-37,1012,-508,31,-496,6180
4987409,12,-39,1008,-1260,0,-70,-28,-37,1007,-499,25,-495,6180
4993589,12,-39,1008,-1120,0,-70,-29,-39,1009,-499,25,-495,6180
4999770,12,-38,1006,-1120,0,-70,-29,-39,1009,-514,36,-499,6181
5005950,12,-39,1006,-1260,0,0,-29,-39,1006,-507,39,-490,6180
5012130,12,-39,1006,-1330,0,0,-29,-39,1011,-507,39,-490,6180
5018310,12,-39,1007,-1330,0,0,-29,-39,1011,-511,31,-499,6180
5024490,11,-38,1010,-1330,0,0,-27,-40,1016,-505,31,-498,6180
5030671,11,-38,1010,-1330,70,0,-27,-40,1016,-505,31,-498,6181
5036851,12,-36,1011,-1330,70,0,-26,-38,1018,-501,31,-498,6180
5043031,10,-37,1012,-1330,70,-70,-24,-40,1016,-501,31,-498,6180
5049211,10,-37,1012,-1330,0,0,-24,-40,1016,-504,36,-505,6180
5055391,10,-35,1012,-1330,0,0,-27,-38,1013,-505,28,-505,6180
5061572,8,-36,1009,-1330,0,0,-27,-38,1007,-505,28,-505,6181
5067752,8,-36,1009,-1330,0,-70,-26,-33,1007,-513,27,-502,6180
5073932,9,-37,1008,-1260,-70,-70,-29,-37,1006,-511,34,-501,6180
5080112,9,-39,1007,-1330,-70,-70,-29,-37,1006,-511,34,-501,6180
5086292,9,-39,1007,-1330,-70,-70,-30,-35,1017,-507,27,-502,6180
5092473,9,-40,1005,-1400,-70,0,-29,-40,1006,-507,27,-502,6181
5098653,10,-40,1006,-1330,-70,0,-29,-40,1006,-510,42,-508,6180
5104833,10,-40,1006,-1330,-70,0,-29,-40,1018,-510,27,-498,6180
5111013,10,-40,1007,-1330,-70,-70,-29,-40,1018,-510,27,-498,6180
5117193,12,-38,1007,-1400,0,-70,-28,-38,1010,-504,28,-501,6180
5123374,12,-38,1007,-1400,0,-70,-27,-42,1007,-507,31,-489,6181
5129554,14,-38,1008,-1260,0,0,-27,-42,1007,-507,31,-489,6180
5135734,14,-38,1008,-1330,0,0,-30,-38,1011,-510,30,-507,6180
5141914,14,-38,1008,-1330,0,0,-31,-41,1006,-510,30,-507,6180
5148094,15,-39,1007,-1400,0,-70,-31,-41,1006,-507,21,-507,6180
5154275,14,-41,1007,-1330,-70,-70,-31,-40,1013,-513,30,-510,6181
5160455,14,-41,1007,-1330,-70,-70,-31,-40,1013,-513,30,-510,6180
5166635,12,-40,1005,-1260,-70,0,-28,-39,1013,-510,33,-508,6180
5172815,9,-39,1006,-1260,0,0,-30,-41,1011,-510,33,-511,6180
5178995,9,-39,1006,-1260,0,0,-30,-41,1011,-511,24,-511,6180
5185176,9,-38,1009,-1400,70,0,-26,-37,1018,-516,39,-496,6181
5191356,9,-38,1008,-1400,70,0,-26,-37,1008,-516,39,-496,6180
5197536,9,-38,1008,-1400,70,0,-27,-37,1008,-511,30,-516,6180
5203716,10,-38,1009,-1260,0,0,-30,-39,1016,-514,27,-499,6180
5209897,10,-39,1007,-1190,-70,-70,-30,-39,1016,-514,27,-499,6181
5216077,10,-39,1007,-1190,-70,-70,-26,-36,1009,-510,34,-513,6180
5222257,12,-39,1005,-1190,-70,-70,-29,-36,1007,-510,34,-502,6180
5228437,11,-39,1003,-1260,0,0,-29,-36,1007,-508,25,-502,6180
5234617,11,-39,1003,-1260,0,0,-30,-39,1002,-510,36,-514,6180
5240797,12,-40,1006,-1330,70,0,-30,-39,1002,-510,36,-514,6180
5246978,12,-40,1010,-1400,70,-70,-32,-36,1015,-514,25,-504,6181
5253158,8,-40,1010,-1400,70,-70,-26,-38,1014,-508,31,-496,6180
5259338,11,-36,1011,-1260,70,-70,-26,-38,1014,-508,31,-496,6180
5265518,11,-36,1011,-1260,70,0,-29,-38,1017,-505,22,-498,6180
5271698,11,-38,1011,-1260,70,0,-24,-40,1019,-505,22,-498,6180
5277879,11,-35,1010,-1260,-70,0,-24,-40,1019,-513,34,-513,6181
5284059,11,-35,1010,-1330,70,-70,-26,-40,1014,-504,28,-498,6180
5290239,10,-38,1008,-1330,70,-70,-26,-40,1014,-504,28,-498,6180
5296419,12,-39,1008,-1400,-70,-70,-30,-39,1016,-516,31,-510,6180
5302599,12,-39,1008,-1330,-70,0,-31,-40,1009,-502,25,-496,6180
5308780,12,-40,1008,-1330,-70,0,-31,-40,1009,-502,25,-496,6181
5314960,12,-41,1006,-1190,0,-70,-33,-40,1007,-507,28,-504,6180
5321140,12,-41,1006,-1190,-70,-70,-28,-38,1006,-507,28,-504,6180
5327320,13,-40,1004,-1190,-70,-70,-28,-38,1006,-508,33,-498,6180
5333500,11,-39,1003,-1330,70,-70,-30,-40,1003,-514,27,-502,6180
5339681,11,-39,1003,-1470,70,0,-30,-40,1003,-514,27,-502,6181
5345861,12,-38,1008,-1470,70,0,-28,-37,1014,-502,30,-502,6180
5352041,10,-39,1008,-1470,140,-70,-27,-38,1013,-513,31,-489,6180
5358221,10,-39,1008,-1400,70,0,-27,-38,1013,-513,31,-489,6180
5364401,9,-38,1011,-1400,70,0,-29,-38,1021,-505,25,-501,6180
5370582,9,-38,1009,-1120,-70,0,-29,-38,1013,-505,25,-501,6181
5376762,9,-38,1009,-1120,-70,-70,-27,-39,1013,-510,33,-505,6180
5382942,10,-38,1005,-1120,-70,-70,-26,-40,1008,-505,21,-495,6180
5389122,11,-38,1004,-1260,-70,0,-26,-40,1008,-505,21,-495,6180
5395302,11,-38,1004,-1260,-70,0,-29,-36,1009,-502,36,-501,6180
5401483,11,-39,1007,-1470,0,0,-31,-38,1006,-510,27,-508,6181
5407663,11,-41,1009,-1470,70,0,-31,-38,1006,-510,27,-508,6180
5413843,11,-41,1009,-1470,70,0,-30,-36,1009,-507,25,-502,6180
5420023,11,-40,1009,-1330,0,0,-30,-36,1009,-507,25,-502,6180
5426203,12,-38,1009,-1260,0,0,-30,-40,1012,-507,31,-499,6180
5432384,12,-38,1009,-1260,0,0,-28,-39,1015,-507,22,-496,6181
5438564,12,-37,1007,-1190,0,0,-28,-39,1015,-507,22,-496,6180
5444744,11,-39,1004,-1260,0,-70,-27,-37,1005,-505,30,-499,6180
5450924,11,-39,1004,-1260,0,-70,-29,-36,1012,-516,25,-505,6180
5457104,11,-39,1005,-1400,0,-70,-29,-36,1012,-516,25,-505,6180
5463285,11,-40,1009,-1400,0,-70,-29,-39,1017,-504,31,-501,6181
5469465,11,-40,1009,-1400,0,-70,-29,-39,1017,-504,31,-501,6180
5475645,11,-37,1009,-1330,70,-70,-27,-40,1012,-507,28,-511,6180
5481825,11,-38,1009,-1260,0,0,-26,-39,1015,-513,34,-499,6180
5488005,11,-38,1009,-1260,0,0,-26,-39,1015,-513,34,-499,6180
5494186,14,-37,1009,-1260,-70,0,-28,-42,1012,-502,31,-511,6181
5500366,11,-38,1006,-1190,0,0,-28,-42,1005,-511,27,-493,6180
5506546,11,-38,1006,-1190,0,0,-28,-37,1005,-511,27,-493,6180
5512726,11,-37,1006,-1260,-70,0,-28,-37,1014,-502,30,-504,6180
5518907,13,-38,1011,-1330,-70,0,-28,-37,1014,-502,30,-504,6181
5525087,13,-38,1011,-1330,-70,0,-30,-40,1013,-498,28,-499,6180
5531267,12,-37,1010,-1400,70,0,-29,-39,1014,-511,31,-507,6180
5537447,11,-39,1011,-1400,0,0,-29,-39,1014,-511,31,-507,6180
5543627,11,-39,1011,-1400,0,0,-29,-38,1018,-514,36,-498,6180
5549807,11,-37,1009,-1330,0,0,-29,-38,1018,-507,30,-498,6180
5555988,11,-38,1003,-1190,0,0,-29,-40,1009,-507,30,-498,6181
5562168,11,-38,1003,-1190,0,0,-27,-41,1006,-507,33,-493,6180
5568348,11,-37,1003,-1260,-70,-70,-27,-41,1006,-507,33,-493,6180
5574528,11,-39,1005,-1400,0,0,-30,-37,1008,-508,30,-501,6180
5580708,10,-39,1005,-1400,0,0,-31,-37,1013,-507,31,-501,6180
5586889,10,-40,1009,-1470,70,0,-31,-37,1013,-507,31,-501,6181
5593069,10,-40,1011,-1330,0,0,-31,-38,1012,-507,28,-511,6180
5599249,11,-40,1011,-1330,0,0,-31,-38,1012,-507,27,-508,6180
5605429,10,-38,1008,-1260,0,0,-26,-37,1011,-504,27,-508,6180
5611609,10,-38,1008,-1120,-70,-70,-26,-38,1009,-516,34,-507,6180
5617790,12,-37,1004,-1120,-70,-70,-26,-38,1009,-516,34,-507,6181
5623970,11,-37,1002,-1260,-70,0,-24,-40,1010,-510,27,-498,6180
5630150,11,-37,1002,-1470,0,0,-30,-38,1010,-508,30,-496,6180
5636330,11,-38,1006,-1470,0,0,-30,-38,1010,-508,30,-496,6180
5642510,10,-42,1010,-1470,70,-70,-31,-36,1019,-504,31,-507,6180
5648691,10,-42,1010,-1330,0,0,-31,-36,1019,-504,27,-498,6181
5654871,10,-40,1013,-1330,0,0,-28,-36,1004,-508,27,-498,6180
5661051,10,-40,1006,-1120,-70,0,-34,-37,1006,-513,27,-501,6180
5667231,10,-40,1006,-980,-140,0,-34,-37,1006,-513,27,-501,6180
5673411,11,-39,999,-980,-140,0,-27,-36,996,-511,28,-508,6180
5679592,11,-38,997,-1120,-140,0,-27,-36,996,-507,30,-502,6181
5685772,11,-38,997,-1540,70,-70,-28,-43,1004,-507,30,-502,6180
5691952,11,-38,1006,-1540,70,-70,-29,-38,1026,-511,30,-504,6180
5698132,11,-39,1017,-1750,210,-70,-29,-38,1026,-511,30,-501,6180
5704312,11,-39,1017,-1750,140,-70,-25,-40,1028,-502,28,-501,6180
5710493,10,-38,1024,-1610,140,-70,-27,-41,1024,-507,33,-493,6181
5716673,12,-36,1021,-1190,-70,-70,-27,-41,1024,-507,33,-493,6180
5722853,12,-36,1021,-1190,-70,0,-22,-35,1013,-507,33,-492,6180
5729033,11,-32,1010,-910,-210,0,-22,-35,1013,-502,24,-501,6180
5735213,12,-30,998,-980,-210,-70,-22,-40,996,-502,24,-501,6180
5741394,12,-30,998,-980,-210,-70,-27,-35,1005,-507,24,-504,6181
5747574,11,-36,998,-1470,-140,0,-27,-35,1005,-507,24,-499,6180
5753754,11,-43,1004,-1750,70,0,-34,-36,1007,-504,28,-499,6180
5759934,11,-43,1004,-1750,70,0,-38,-40,1016,-508,31,-504,6180
5766115,10,-47,1011,-1610,70,-70,-38,-40,1016,-508,31,-504,6181
5772295,14,-45,1012,-1260,0,-70,-31,-40,1019,-507,37,-495,6180
5778475,14,-45,1012,-1260,0,-70,-31,-40,1019,-507,31,-499,6180
5784655,14,-37,1007,-1050,-70,-70,-27,-43,1011,-507,31,-499,6180
5790835,14,-32,1004,-1120,0,0,-21,-41,1011,-513,30,-505,6180
5797015,14,-32,1004,-1120,0,0,-21,-41,1011,-513,30,-505,6180
5803196,11,-34,1006,-1400,70,0,-23,-40,1011,-511,36,-505,6181
5809376,10,-37,1009,-1470,70,0,-23,-40,1013,-504,31,-496,6180
5815556,10,-37,1009,-1470,70,0,-32,-36,1013,-504,31,-496,6180
5821736,8,-43,1008,-1400,0,0,-32,-37,1009,-508,36,-508,6180
5827917,8,-42,1005,-1120,-70,0,-32,-37,1009,-513,36,-502,6181
5834097,8,-42,1005,-1120,-70,0,-32,-31,1006,-513,36,-502,6180
5840277,10,-41,1003,-1120,-70,-70,-30,-38,999,-511,30,-508,6180
5846457,10,-38,1004,-1260,0,-70,-30,-38,999,-511,30,-508,6180
5852637,10,-38,1004,-1260,0,-70,-29,-36,1009,-505,24,-507,6180
5858817,13,-37,1005,-1400,140,0,-29,-36,1009,-501,36,-504,6180
5864998,12,-37,1008,-1330,0,-70,-28,-36,1010,-501,36,-504,6181
5871178,12,-37,1008,-1330,0,-70,-27,-40,1011,-510,30,-498,6180
5877358,12,-38,1008,-1190,-70,-70,-27,-40,1011,-511,34,-505,6180
5883538,12,-39,1007,-1260,-70,-70,-30,-40,1012,-511,34,-505,6180
5889718,12,-39,1007,-1260,-70,-70,-29,-41,1021,-508,30,-507,6180
5895899,11,-41,1010,-1400,70,-70,-29,-41,1021,-508,30,-507,6181
5902079,10,-41,1013,-1540,70,0,-30,-39,1016,-504,27,-493,6180
5908259,10,-41,1013,-1540,70,0,-30,-39,1016,-508,25,-498,6180
5914439,10,-34,1014,-1260,70,-70,-24,-40,1016,-508,25,-498,6180
5920619,10,-34,1010,-1120,-140,-70,-22,-39,1018,-510,30,-502,6180
5926800,11,-33,1010,-1120,-140,-70,-22,-39,1018,-510,40,-498,6181
5932980,14,-32,1003,-1050,-70,0,-24,-40,1009,-510,40,-498,6180
5939160,14,-32,1005,-1400,0,0,-24,-36,1009,-510,33,-499,6180
5945340,10,-36,1005,-1400,0,0,-28,-36,1009,-510,33,-499,6180
5951520,13,-42,1009,-1610,70,0,-34,-38,1016,-504,28,-502,6180
5957701,13,-42,1009,-1470,70,0,-34,-38,1016,-511,31,-514,6181
5963881,11,-44,1011,-1470,70,0,-32,-32,1007,-511,31,-514,6180
5970061,11,-42,1007,-1120,-70,0,-31,-40,1005,-511,31,-504,6180
5976241,11,-42,1007,-1050,-140,0,-31,-40,1005,-505,34,-505,6180
5982421,12,-37,1003,-1050,-140,0,-25,-39,1009,-505,34,-505,6180
5988602,10,-36,1001,-1260,0,0,-25,-39,1009,-507,28,-499,6181
5994782,10,-36,1001,-1540,70,0,-27,-43,1007,-507,28,-499,6180
6000962,12,-37,1006,-1540,70,0,-30,-38,1016,-505,19,-502,6180
6007142,9,-42,1012,-1610,140,0,-30,-38,1016,-505,30,-504,6180
6013323,9,-42,1012,-1330,0,-70,-30,-37,1018,-505,30,-504,6181
6019503,10,-41,1011,-1330,0,-70,-31,-36,1011,-516,24,-496,6180
6025683,10,-41,1005,-1050,-140,0,-31,-36,1011,-504,24,-498,6180
6031863,10,-41,1005,-1050,-140,0,-29,-41,1002,-504,24,-498,6180
6038043,10,-39,1001,-1120,-140,0,-29,-41,1002,-505,28,-499,6180
6044223,10,-38,1001,-1330,70,0,-28,-38,1014,-505,28,-499,6180
6050404,10,-38,1001,-1330,70,0,-28,-39,1009,-511,31,-502,6181
6056584,9,-40,1006,-1540,140,0,-28,-39,1009,-510,30,-498,6180
6062764,10,-41,1011,-1470,70,0,-31,-38,1013,-510,30,-498,6180
6068944,10,-41,1011,-1470,70,0,-32,-36,1011,-508,28,-495,6180
6075124,11,-41,1009,-1190,0,0,-32,-36,1011,-508,37,-508,6180
6081305,12,-38,1005,-1120,70,-70,-26,-38,1006,-508,37,-508,6181
6087485,12,-38,1005,-1120,70,-70,-26,-38,1006,-508,30,-496,6180
6093665,14,-37,1009,-1330,0,0,-28,-43,1013,-508,30,-496,6180
6099845,11,-36,1014,-1540,140,0,-26,-38,1025,-507,28,-495,6180
6106025,11,-36,1014,-1540,140,0,-26,-38,1025,-508,28,-498,6180
6112206,9,-35,1016,-1470,140,0,-24,-39,1013,-508,28,-498,6181
6118386,11,-35,1014,-1190,-70,0,-24,-39,1014,-510,34,-498,6180
6124566,11,-35,1014,-1190,-70,0,-27,-39,1014,-510,30,-496,6180
6130746,10,-35,1007,-1050,-140,0,-26,-37,1003,-505,30,-496,6180
6136926,10,-37,1001,-1260,-70,0,-26,-37,1003,-502,30,-502,6180
6143107,10,-37,1001,-1260,-70,0,-27,-36,1013,-502,30,-502,6181
6149287,10,-39,1006,-1470,0,0,-32,-41,1010,-508,30,-502,6180
6155467,10,-43,1008,-1540,70,0,-32,-41,1010,-519,31,-502,6180
6161647,10,-43,1008,-1540,70,0,-31,-38,1014,-519,31,-502,6180
6167827,10,-41,1009,-1330,0,0,-31,-38,1014,-510,25,-504,6180
6174008,12,-38,1005,-1120,-70,0,-29,-36,1004,-510,25,-502,6181
6180188,12,-38,1005,-1120,-70,0,-27,-38,1008,-514,30,-502,6180
6186368,13,-37,1004,-1190,-70,0,-27,-38,1008,-505,25,-496,6180
6192548,13,-36,1008,-1470,70,0,-27,-39,1010,-505,25,-496,6180
6198728,13,-36,1008,-1470,70,0,-29,-39,1014,-511,24,-514,6180
6204909,11,-39,1009,-1470,140,0,-29,-39,1014,-508,22,-496,6181
6211089,10,-40,1009,-1330,0,0,-30,-38,1013,-508,22,-496,6180
6217269,10,-40,1009,-1330,0,0,-30,-38,1013,-502,30,-508,6180
6223449,10,-40,1005,-1120,-140,0,-30,-39,1010,-502,30,-508,6180
6229629,11,-38,1003,-1190,-70,0,-28,-36,1004,-513,25,-507,6180
6235810,11,-38,1003,-1190,-70,0,-28,-36,1004,-505,30,-508,6181
6241990,8,-38,1004,-1330,0,-70,-29,-39,1006,-505,30,-508,6180
6248170,8,-40,1007,-1470,70,0,-29,-39,1020,-504,31,-499,6180
6254350,10,-40,1007,-1470,70,0,-31,-39,1020,-504,33,-493,6180
6260531,9,-41,1008,-1400,70,0,-27,-37,1013,-504,33,-493,6181
6266711,9,-41,1006,-1120,-70,0,-27,-37,1013,-508,36,-496,6180
6272891,10,-39,1006,-1120,-70,0,-27,-39,1009,-508,36,-496,6180
6279071,10,-37,1007,-1120,-70,-70,-27,-37,1014,-510,27,-502,6180
6285251,10,-37,1007,-1400,70,-70,-27,-37,1014,-508,36,-498,6180
6291431,11,-35,1008,-1400,70,-70,-26,-35,1011,-508,36,-498,6180
6297612,10,-36,1011,-1540,140,0,-26,-35,1011,-507,31,-502,6181
6303792,10,-36,1011,-1470,70,0,-29,-39,1018,-516,24,-496,6180
6309972,10,-38,1014,-1470,70,0,-27,-36,1024,-516,24,-496,6180
6316152,11,-35,1011,-1190,-70,0,-27,-36,1024,-504,24,-496,6180
6322333,11,-35,1011,-1120,-70,0,-25,-40,1012,-504,24,-496,6181
