Sample,Zeit,Acc_x,Acc_y,Acc_z,Gyro_x,Gyro_y,Gyro_z,Acc_x2,Acc_y2,Acc_z2,Mag_x,Mag_y,Mag_z
0,0,-4,-27,1008,910,0,210,-60,-23,1008,-457,-85,-474
1,6168,-4,-27,1008,910,-140,210,-62,-29,1008,-451,-79,-471
2,12348,-5,-31,1004,910,-140,210,-58,-16,976,-451,-79,-471
3,18528,-3,-29,1012,770,-70,210,-58,-16,976,-445,-70,-471
4,24708,-3,-29,1012,770,-70,210,-61,-23,989,-445,-70,-471
5,30888,-5,-28,1010,630,0,210,-61,-20,988,-445,-70,-471
6,37067,-4,-29,1006,490,0,210,-61,-20,988,-447,-81,-471
7,43248,-4,-29,1006,490,0,210,-60,-23,996,-459,-88,-469
8,49427,-4,-28,1007,490,0,210,-60,-23,996,-459,-88,-469
9,55607,-5,-29,1005,490,0,210,-61,-22,989,-456,-76,-471
10,61787,-5,-29,1005,490,0,210,-61,-22,995,-456,-76,-471
11,67967,-3,-30,1007,490,0,280,-61,-22,995,-445,-79,-469
12,74147,-3,-30,1007,420,0,210,-62,-26,988,-453,-84,-468
13,80327,-4,-29,1007,420,0,210,-61,-24,991,-453,-84,-468
14,86507,-5,-30,1007,420,70,280,-61,-24,991,-453,-91,-468
15,92687,-5,-30,1007,420,70,280,-61,-21,995,-454,-82,-469
16,98867,-4,-30,1008,350,70,280,-61,-21,995,-454,-82,-469
17,105047,-4,-30,1008,210,0,210,-61,-22,988,-454,-76,-474
18,111227,-4,-30,1008,210,0,210,-62,-25,991,-454,-76,-474
19,117407,-4,-30,1008,210,-70,210,-62,-25,991,-450,-82,-471
20,123587,-1,-39,1002,140,0,210,-70,-24,985,-457,-81,-469
21,129767,-1,-39,1002,140,0,210,-61,-19,989,-457,-81,-469
22,135947,-4,-28,1013,0,-140,140,-61,-19,989,-456,-82,-471
23,142127,-4,-24,1002,140,0,280,-60,-24,998,-456,-82,-478
24,148307,-6,-24,1002,140,0,280,-60,-24,998,-454,-81,-478
25,154487,-1,-27,1004,280,0,280,-60,-29,991,-445,-84,-471
26,160667,-1,-27,1004,210,140,350,-66,-24,982,-445,-84,-471
27,166847,-7,-32,1009,210,140,350,-66,-24,982,-445,-78,-465
28,173026,-2,-31,1007,560,-70,280,-61,-27,996,-453,-81,-463
29,179206,-2,-31,1007,560,-70,280,-61,-27,989,-453,-81,-463
30,185386,-3,-29,1008,490,70,280,-63,-22,989,-447,-84,-481
31,191566,-3,-31,1006,490,0,280,-61,-24,993,-447,-84,-481
32,197746,-3,-31,1006,490,0,280,-61,-24,993,-450,-85,-469
33,203926,-3,-29,1008,560,0,210,-61,-21,990,-459,-81,-474
34,210106,-5,-29,1006,420,0,280,-61,-20,989,-459,-81,-474
35,216286,-5,-29,1006,420,0,280,-61,-20,989,-450,-82,-469
36,222466,-4,-28,1007,560,0,210,-61,-24,996,-454,-85,-471
37,228646,-4,-30,1008,490,70,210,-61,-24,996,-454,-85,-471
38,234826,-6,-30,1008,490,70,210,-60,-21,992,-450,-78,-480
39,241006,-5,-29,1009,490,0,210,-60,-24,994,-450,-78,-480
40,247186,-5,-29,1009,490,0,210,-60,-24,994,-454,-84,-472
41,253366,-3,-28,1006,490,0,210,-63,-24,986,-456,-85,-477
42,259546,-3,-31,1006,490,0,210,-63,-27,991,-456,-85,-477
43,265726,-3,-31,1006,490,0,210,-63,-27,991,-456,-79,-478
44,271906,-4,-30,1007,490,0,210,-64,-23,989,-456,-79,-469
45,278086,-4,-30,1006,490,70,210,-64,-23,989,-445,-75,-469
46,284266,-4,-30,1006,490,70,210,-64,-25,991,-451,-79,-474
47,290446,-3,-31,1007,490,0,140,-62,-22,987,-451,-79,-474
48,296626,-3,-32,1007,490,0,210,-62,-22,987,-448,-73,-468
49,302806,-3,-32,1007,490,0,210,-64,-25,991,-441,-76,-468
50,308986,-2,-32,1007,490,0,280,-64,-24,991,-441,-76,-468
51,315166,-2,-32,1006,490,70,280,-64,-24,991,-445,-78,-469
52,321345,-3,-31,1006,490,70,280,-65,-21,994,-445,-78,-469
53,327525,-3,-31,1007,490,0,280,-65,-21,994,-453,-78,-465
54,333705,-3,-31,1007,490,0,280,-62,-23,993,-453,-73,-469
55,339885,-3,-30,1007,490,0,280,-63,-24,992,-453,-73,-469
56,346065,-3,-31,1006,490,0,210,-63,-24,992,-454,-82,-468
57,352245,-3,-31,1006,490,0,210,-62,-25,989,-451,-85,-459
58,358425,-4,-28,1007,560,0,280,-62,-25,989,-451,-85,-459
59,364605,-4,-30,1008,490,0,280,-62,-24,989,-445,-73,-472
60,370785,-4,-30,1008,490,0,280,-62,-23,991,-445,-73,-472
61,376965,-5,-30,1007,490,70,280,-62,-23,991,-459,-78,-478
62,383145,-3,-29,1007,560,0,280,-61,-21,991,-457,-78,-469
63,389325,-3,-29,1007,560,0,280,-61,-25,990,-457,-78,-469
64,395505,-4,-29,1007,560,0,280,-61,-25,990,-457,-87,-463
65,401685,-4,-29,1007,490,0,280,-62,-19,993,-457,-87,-465
66,407865,-5,-29,1007,490,0,280,-62,-19,993,-448,-91,-465
67,414045,-4,-28,1008,490,0,210,-59,-23,993,-445,-79,-472
68,420225,-4,-28,1008,490,0,210,-63,-21,990,-445,-79,-472
69,426405,-5,-30,1007,490,0,210,-63,-21,990,-451,-84,-474
70,432585,-5,-29,1006,490,70,210,-60,-24,992,-448,-88,-471
71,438765,-5,-29,1006,490,70,210,-61,-25,987,-448,-88,-471
72,444945,-4,-29,1007,490,70,280,-61,-25,987,-450,-73,-475
73,451125,-4,-29,1008,490,0,210,-62,-23,993,-450,-73,-475
74,457305,-4,-29,1008,490,0,210,-62,-23,993,-456,-76,-477
75,463484,-4,-30,1007,490,0,210,-62,-24,989,-439,-79,-474
76,469664,-3,-30,1006,490,0,210,-61,-26,991,-439,-79,-474
77,475844,-3,-30,1006,490,0,210,-61,-26,991,-459,-94,-478
78,482024,-5,-30,1007,490,70,210,-62,-20,991,-448,-82,-474
79,488204,-5,-30,1007,490,70,210,-64,-26,994,-448,-82,-474
80,494384,-4,-31,1007,490,70,210,-64,-26,994,-448,-82,-468
81,500564,-4,-30,1007,490,0,210,-63,-24,992,-448,-82,-468
82,506744,-4,-30,1007,490,0,280,-63,-24,992,-445,-81,-471
83,512924,-4,-29,1007,490,0,280,-61,-21,992,-457,-88,-475
84,519104,-5,-30,1007,490,70,210,-62,-24,988,-457,-88,-475
85,525284,-5,-30,1007,490,70,210,-62,-24,988,-447,-75,-477
86,531464,-4,-28,1007,490,0,210,-62,-24,990,-447,-75,-472
87,537644,-5,-29,1006,490,0,280,-62,-24,989,-448,-79,-472
88,543824,-5,-29,1006,490,0,280,-62,-24,989,-451,-69,-477
89,550004,-3,-31,1006,490,0,280,-64,-22,991,-451,-69,-477
90,556184,-2,-30,1006,490,0,140,-64,-22,991,-451,-82,-475
91,562364,-2,-30,1006,490,0,140,-62,-23,990,-450,-76,-475
92,568544,-2,-32,1007,560,0,210,-64,-21,990,-450,-76,-475
93,574724,-2,-32,1007,490,0,210,-64,-21,990,-451,-79,-468
94,580904,-3,-31,1007,490,0,210,-63,-26,999,-451,-79,-468
95,587084,-3,-32,1006,490,0,210,-63,-26,999,-456,-79,-468
96,593264,-3,-32,1006,490,0,210,-63,-24,992,-456,-81,-465
97,599444,-4,-32,1007,490,0,210,-63,-24,994,-456,-81,-465
98,605623,-5,-30,1007,560,0,210,-63,-24,994,-445,-79,-463
99,611803,-5,-30,1007,560,0,210,-62,-25,985,-451,-90,-478
100,617983,-3,-30,1007,560,0,210,-62,-24,990,-451,-90,-478
101,624163,-4,-29,1008,490,70,280,-62,-24,990,-453,-81,-477
102,630343,-4,-29,1008,490,70,280,-63,-24,989,-453,-81,-477
103,636523,-6,-28,1007,490,0,280,-63,-24,989,-444,-94,-477
104,642703,-4,-28,1007,490,-70,210,-62,-24,992,-447,-91,-477
105,648883,-4,-28,1007,490,-70,210,-60,-21,993,-447,-91,-477
106,655063,-4,-29,1007,490,0,210,-60,-21,993,-450,-72,-475
107,661243,-4,-29,1007,560,0,210,-61,-23,988,-450,-72,-468
108,667423,-4,-30,1007,560,0,210,-62,-22,992,-450,-66,-468
109,673603,-3,-29,1007,490,0,210,-62,-22,992,-456,-79,-469
110,679783,-3,-29,1007,420,0,210,-64,-22,993,-456,-79,-469
111,685963,-4,-30,1007,420,0,210,-64,-22,993,-457,-82,-463
112,692143,-4,-29,1008,490,0,210,-62,-24,994,-451,-81,-471
113,698323,-4,-29,1008,490,0,210,-62,-22,987,-451,-81,-471
114,704503,-3,-30,1007,490,70,210,-62,-22,987,-445,-82,-474
115,710683,-4,-30,1007,490,0,210,-63,-25,990,-445,-82,-474
116,716863,-4,-30,1007,490,0,210,-63,-25,990,-442,-79,-469
117,723043,-4,-30,1007,490,0,210,-64,-24,990,-447,-79,-471
118,729223,-4,-31,1007,490,70,210,-61,-24,993,-447,-79,-471
119,735402,-4,-31,1007,490,70,210,-61,-24,993,-445,-72,-466
120,741582,-5,-32,1008,560,70,210,-63,-24,989,-450,-88,-474
121,747762,-5,-32,1008,490,0,280,-61,-25,994,-450,-88,-474
122,753942,-4,-31,1008,490,0,280,-61,-25,994,-456,-87,-478
123,760122,-3,-29,1006,490,70,280,-63,-23,991,-456,-87,-478
124,766302,-3,-29,1006,490,0,210,-63,-23,991,-450,-81,-472
125,772482,-5,-29,1007,490,0,210,-63,-25,998,-453,-79,-469
126,778662,-5,-29,1007,560,0,280,-61,-21,988,-453,-79,-469
127,784842,-5,-29,1007,560,0,280,-61,-21,988,-448,-87,-466
128,791022,-5,-29,1007,490,0,210,-61,-21,988,-448,-87,-472
129,797202,-4,-29,1008,490,70,210,-62,-24,991,-450,-78,-472
130,803382,-4,-29,1008,490,70,210,-62,-24,991,-444,-73,-471
131,809562,-5,-28,1007,490,0,210,-61,-22,994,-444,-73,-471
132,815742,-4,-29,1007,490,0,210,-61,-22,994,-445,-81,-471
133,821922,-4,-29,1007,490,0,210,-64,-22,991,-453,-81,-471
134,828102,-4,-30,1007,490,0,210,-63,-22,992,-453,-81,-471
135,834282,-4,-30,1007,490,0,210,-63,-22,992,-450,-85,-466
136,840462,-5,-31,1008,490,0,210,-62,-25,990,-450,-85,-466
137,846642,-2,-30,1007,490,0,210,-64,-23,991,-451,-87,-480
138,852822,-2,-30,1007,490,0,210,-64,-23,991,-456,-85,-469
139,859002,-3,-31,1006,490,0,210,-65,-26,997,-456,-85,-469
140,865181,-2,-31,1006,490,-70,210,-65,-26,997,-447,-88,-484
141,871362,-2,-31,1006,490,-70,210,-64,-25,990,-448,-91,-463
142,877541,-3,-31,1007,490,0,280,-61,-26,991,-448,-91,-463
143,883721,-4,-31,1007,490,0,280,-61,-26,991,-445,-84,-472
144,889901,-4,-31,1007,490,0,280,-62,-23,991,-445,-84,-472
145,896081,-4,-30,1006,560,0,280,-62,-23,995,-450,-85,-466
146,902261,-4,-29,1007,490,0,210,-62,-24,995,-448,-88,-477
147,908441,-4,-29,1007,490,0,210,-63,-19,995,-448,-88,-477
148,914621,-5,-29,1007,490,0,210,-63,-19,995,-454,-82,-468
149,920801,-5,-29,1007,490,0,210,-60,-25,992,-454,-82,-471
150,926981,-4,-29,1007,490,0,210,-63,-23,990,-447,-78,-471
151,933161,-4,-30,1007,490,70,210,-63,-23,990,-448,-78,-471
152,939341,-4,-30,1007,490,0,210,-64,-24,995,-448,-78,-471
153,945521,-4,-31,1006,490,0,210,-64,-24,995,-450,-84,-480
154,951701,-2,-30,1006,560,0,210,-64,-23,987,-442,-79,-462
155,957881,-2,-30,1006,560,0,210,-61,-25,996,-442,-79,-462
156,964061,-3,-32,1007,490,0,210,-61,-25,996,-444,-84,-475
157,970241,-3,-31,1007,490,0,210,-63,-24,992,-444,-84,-475
158,976421,-3,-31,1007,490,0,210,-63,-26,992,-448,-87,-475
159,982601,-2,-31,1006,560,0,210,-63,-26,992,-454,-90,-469
160,988781,-4,-30,1007,490,0,210,-65,-21,997,-454,-90,-469
161,994961,-4,-30,1007,490,0,210,-65,-21,997,-453,-85,-465
162,1001141,-5,-29,1005,560,70,280,-62,-21,991,-450,-81,-477
163,1007321,-5,-29,1005,560,-70,280,-60,-21,993,-450,-81,-477
164,1013500,-4,-27,1007,560,-70,280,-60,-21,993,-450,-78,-471
165,1019681,-3,-27,1013,560,-70,280,-60,-26,998,-450,-78,-471
166,1025860,-3,-27,1013,560,140,280,-64,-25,985,-447,-84,-465
167,1032040,-4,-31,1005,420,140,280,-64,-25,985,-453,-81,-475
168,1038220,-4,-33,1003,420,140,280,-65,-24,992,-453,-81,-475
169,1044401,-4,-33,1003,420,140,280,-65,-24,992,-451,-81,-466
170,1050580,-2,-30,1006,490,-70,280,-62,-25,995,-451,-82,-471
171,1056760,-5,-30,1006,420,70,210,-62,-23,986,-448,-82,-471
172,1062940,-5,-30,1006,420,70,210,-62,-23,986,-447,-87,-475
173,1069120,-3,-28,1009,560,0,210,-60,-24,991,-447,-87,-475
174,1075300,-5,-30,1006,420,70,280,-60,-22,988,-451,-78,-475
175,1081480,-5,-30,1006,420,70,280,-61,-22,988,-448,-76,-477
176,1087660,-5,-29,1007,560,0,210,-60,-23,992,-448,-76,-477
177,1093840,-5,-29,1007,490,0,210,-60,-23,992,-441,-76,-462
178,1100020,-4,-29,1007,490,0,210,-64,-22,990,-441,-76,-462
179,1106200,-3,-31,1006,490,0,210,-64,-22,994,-448,-81,-463
180,1112380,-3,-31,1006,490,0,210,-64,-22,994,-454,-88,-477
181,1118560,-2,-30,1007,490,0,210,-61,-24,990,-454,-88,-477
182,1124740,-3,-30,1006,490,70,210,-61,-24,990,-448,-82,-472
183,1130920,-3,-30,1006,490,70,210,-65,-24,992,-451,-79,-475
184,1137100,-4,-31,1006,560,0,210,-63,-26,998,-451,-79,-475
185,1143280,-4,-30,1008,490,0,210,-63,-26,998,-450,-81,-478
186,1149459,-4,-30,1008,490,0,210,-63,-23,988,-450,-81,-478
187,1155639,-3,-30,1006,490,0,210,-63,-26,992,-444,-76,-472
188,1161819,-3,-32,1007,490,70,210,-63,-26,992,-448,-78,-475
189,1167999,-4,-32,1007,490,70,210,-64,-23,987,-448,-78,-475
190,1174179,-2,-31,1006,560,0,280,-64,-23,987,-459,-78,-474
191,1180359,-2,-31,1006,490,0,210,-61,-25,992,-459,-84,-471
192,1186539,-4,-30,1006,490,0,210,-64,-21,991,-444,-84,-471
193,1192719,-4,-30,1007,490,0,210,-64,-21,991,-448,-78,-469
194,1198899,-4,-30,1007,490,0,280,-61,-24,990,-448,-78,-469
195,1205079,-3,-29,1007,560,0,280,-62,-22,990,-447,-78,-474
196,1211259,-3,-31,1008,490,0,210,-62,-22,990,-454,-79,-460
197,1217439,-3,-31,1008,490,0,210,-64,-25,996,-454,-79,-460
198,1223619,-4,-30,1006,560,0,280,-64,-25,996,-453,-81,-486
199,1229799,-4,-31,1006,490,0,280,-63,-22,993,-453,-81,-486
200,1235979,-4,-31,1006,490,0,280,-62,-24,994,-453,-84,-475
201,1242159,-4,-30,1007,490,0,210,-62,-24,994,-454,-76,-471
202,1248339,-4,-29,1007,560,-70,210,-60,-24,990,-454,-76,-471
203,1254519,-4,-29,1007,560,-70,210,-60,-22,989,-448,-73,-472
204,1260699,-3,-29,1007,490,0,210,-61,-22,989,-456,-88,-471
205,1266879,-3,-29,1007,490,0,280,-62,-25,991,-456,-88,-471
206,1273059,-4,-29,1007,490,0,280,-62,-25,991,-441,-90,-472
207,1279239,-4,-31,1007,490,70,210,-62,-21,992,-441,-90,-472
208,1285418,-4,-31,1007,490,70,210,-62,-23,993,-445,-85,-469
209,1291598,-3,-29,1007,490,0,210,-62,-23,993,-453,-79,-471
210,1297778,-5,-30,1007,490,0,280,-62,-21,991,-453,-79,-471
211,1303958,-5,-30,1007,490,0,280,-62,-21,991,-453,-78,-469
212,1310138,-6,-30,1007,490,0,210,-61,-23,993,-453,-88,-469
213,1316318,-4,-28,1007,490,0,210,-63,-25,990,-453,-88,-469
214,1322498,-4,-28,1007,490,0,210,-63,-25,990,-451,-82,-481
215,1328678,-2,-30,1007,490,0,210,-63,-26,997,-451,-82,-481
216,1334858,-2,-30,1007,490,0,210,-65,-24,987,-457,-84,-471
217,1341038,-3,-31,1007,490,0,210,-65,-24,987,-454,-78,-472
218,1347218,-4,-32,1007,490,0,210,-63,-26,989,-454,-78,-472
219,1353398,-4,-32,1007,490,0,210,-63,-26,989,-453,-88,-466
220,1359578,-4,-32,1007,490,0,210,-64,-23,991,-453,-88,-466
221,1365758,-4,-31,1006,490,0,280,-62,-24,994,-450,-79,-472
222,1371938,-4,-31,1006,490,0,280,-62,-24,994,-445,-81,-465
223,1378118,-3,-30,1006,560,0,280,-64,-21,988,-445,-81,-465
224,1384298,-4,-31,1007,560,0,280,-62,-22,991,-451,-82,-466
225,1390478,-4,-31,1007,560,0,280,-62,-22,991,-448,-87,-471
226,1396658,-4,-30,1008,560,0,280,-62,-26,988,-448,-87,-471
227,1402838,-3,-30,1008,560,0,280,-62,-26,988,-445,-84,-477
228,1409018,-3,-30,1008,560,0,280,-64,-25,995,-445,-84,-477
229,1415198,-3,-30,1006,560,0,280,-63,-25,996,-445,-72,-472
230,1421378,-3,-30,1007,490,0,210,-63,-25,996,-456,-69,-474
231,1427557,-3,-30,1007,490,0,210,-61,-22,988,-456,-69,-474
232,1433737,-5,-30,1006,560,0,280,-62,-22,991,-450,-84,-474
233,1439917,-5,-30,1006,560,0,280,-62,-22,991,-450,-76,-460
234,1446097,-4,-30,1006,560,0,280,-63,-22,990,-448,-76,-460
235,1452277,-4,-30,1007,560,0,280,-63,-22,990,-445,-78,-471
236,1458457,-4,-30,1007,560,0,280,-61,-25,994,-445,-78,-471
237,1464637,-4,-30,1007,490,-70,280,-64,-20,993,-451,-82,-475
238,1470817,-4,-30,1008,560,0,280,-64,-20,993,-456,-81,-469
239,1476997,-4,-30,1008,560,0,280,-63,-24,989,-456,-81,-469
240,1483177,-4,-30,1006,560,0,210,-63,-24,989,-444,-78,-475
241,1489357,-2,-29,1008,560,0,210,-61,-25,990,-444,-78,-475
242,1495537,-2,-29,1008,560,0,210,-62,-24,1000,-453,-82,-469
243,1501717,-3,-29,1007,560,0,280,-62,-24,1000,-454,-75,-469
244,1507897,-3,-29,1007,560,0,210,-61,-23,991,-454,-75,-469
245,1514077,-4,-28,1007,560,0,210,-61,-25,992,-453,-76,-474
246,1520257,-4,-28,1007,490,0,280,-61,-25,992,-457,-76,-468
247,1526437,-4,-28,1007,490,0,210,-61,-23,991,-457,-76,-468
248,1532617,-4,-29,1008,490,0,210,-61,-23,991,-442,-72,-475
249,1538797,-4,-30,1007,490,0,210,-61,-22,991,-442,-72,-475
250,1544977,-4,-30,1007,490,0,210,-61,-25,990,-454,-82,-472
251,1551157,-5,-30,1006,490,0,210,-61,-25,990,-447,-76,-475
252,1557337,-4,-31,1007,560,0,210,-63,-22,994,-447,-76,-475
253,1563517,-4,-31,1007,560,0,210,-62,-23,993,-448,-93,-469
254,1569697,-4,-29,1007,490,0,210,-62,-23,993,-448,-91,-471
255,1575876,-3,-29,1008,490,0,210,-62,-21,990,-444,-91,-471
256,1582056,-3,-29,1008,490,0,210,-62,-21,990,-453,-70,-465
257,1588236,-5,-29,1006,490,0,210,-63,-24,996,-453,-70,-465
258,1594416,-5,-29,1007,490,0,210,-62,-21,988,-448,-75,-468
259,1600596,-4,-30,1007,490,0,210,-62,-21,988,-448,-85,-468
260,1606776,-4,-30,1007,560,0,210,-63,-26,994,-448,-85,-468
261,1612956,-4,-30,1007,490,0,210,-63,-23,991,-445,-81,-469
262,1619136,-3,-31,1006,490,0,210,-63,-23,991,-445,-81,-469
263,1625316,-3,-30,1006,490,0,210,-62,-25,986,-450,-84,-474
264,1631496,-3,-30,1006,490,0,210,-62,-25,986,-447,-75,-474
265,1637676,-3,-30,1007,490,0,280,-63,-25,990,-447,-75,-474
266,1643856,-4,-30,1007,490,0,280,-60,-22,995,-451,-78,-466
267,1650036,-4,-30,1007,490,0,280,-60,-22,995,-453,-78,-474
268,1656216,-4,-28,1008,490,0,210,-61,-21,992,-453,-78,-474
269,1662396,-4,-28,1007,490,0,210,-61,-21,990,-445,-79,-477
270,1668576,-4,-28,1007,490,0,210,-62,-20,990,-445,-79,-477
271,1674756,-6,-28,1008,490,0,210,-59,-23,992,-445,-78,-466
272,1680936,-6,-28,1008,490,0,210,-59,-23,992,-453,-79,-468
273,1687116,-4,-27,1008,490,0,210,-61,-23,993,-453,-79,-468
274,1693296,-5,-28,1007,490,0,210,-62,-24,994,-453,-85,-463
275,1699476,-5,-28,1007,490,70,210,-62,-24,994,-451,-87,-468
276,1705655,-4,-30,1007,490,70,210,-62,-21,988,-451,-87,-468
277,1711835,-4,-30,1007,420,0,210,-62,-21,988,-444,-75,-474
278,1718015,-4,-30,1007,420,0,210,-63,-25,992,-444,-75,-474
279,1724195,-3,-33,1007,420,0,210,-66,-26,989,-453,-78,-472
280,1730375,-1,-32,1007,490,0,280,-66,-26,989,-448,-82,-469
281,1736555,-1,-32,1007,490,0,280,-65,-26,995,-448,-82,-469
282,1742735,-1,-32,1007,490,0,280,-66,-20,995,-450,-90,-478
283,1748915,-3,-32,1007,490,0,210,-66,-20,995,-450,-90,-478
284,1755095,-3,-32,1007,490,0,210,-62,-25,994,-454,-81,-463
285,1761275,-3,-30,1007,490,0,280,-62,-25,994,-457,-81,-472
286,1767455,-3,-30,1007,490,0,210,-61,-24,988,-457,-81,-472
287,1773635,-4,-28,1007,490,0,210,-60,-23,1000,-453,-87,-468
288,1779815,-5,-28,1007,490,70,210,-60,-23,1000,-445,-75,-469
289,1785995,-5,-28,1007,490,0,210,-59,-21,989,-445,-75,-469
290,1792175,-6,-28,1007,490,0,210,-60,-24,995,-442,-78,-471
291,1798355,-5,-28,1009,490,0,210,-60,-24,995,-442,-78,-471
292,1804535,-5,-28,1009,490,0,210,-60,-22,991,-448,-87,-481
293,1810715,-5,-29,1008,420,70,210,-60,-22,991,-453,-78,-472
294,1816895,-4,-30,1008,420,70,210,-64,-23,990,-453,-78,-472
295,1823075,-4,-30,1008,420,70,210,-64,-23,992,-450,-76,-468
296,1829255,-4,-31,1004,490,70,210,-64,-23,992,-462,-88,-475
297,1835435,-2,-32,1008,490,0,210,-65,-25,995,-462,-88,-475
298,1841615,-2,-32,1008,490,0,210,-65,-25,989,-459,-75,-463
299,1847795,-3,-32,1006,420,140,210,-65,-24,989,-459,-75,-463
300,1853974,-3,-32,1006,490,0,210,-62,-26,990,-447,-82,-469
301,1860154,-3,-30,1005,490,0,210,-62,-26,990,-454,-87,-462
302,1866334,-3,-30,1006,490,70,280,-65,-26,991,-454,-87,-462
303,1872514,-3,-30,1006,420,70,280,-65,-22,990,-460,-82,-475
304,1878694,-4,-32,1004,420,70,280,-65,-22,990,-460,-82,-475
305,1884874,-1,-30,1010,560,-70,280,-60,-24,996,-453,-87,-477
306,1891054,-1,-30,1010,560,-70,280,-60,-24,996,-453,-84,-475
307,1897234,-5,-30,1006,490,70,280,-64,-22,991,-453,-84,-475
308,1903414,-5,-28,1008,560,-70,210,-59,-26,996,-459,-81,-471
309,1909594,-5,-28,1008,560,-70,210,-59,-26,996,-457,-72,-478
310,1915774,-4,-29,1007,420,0,280,-62,-19,995,-457,-72,-478
311,1921954,-4,-29,1006,490,0,280,-62,-23,999,-447,-79,-468
312,1928134,-4,-29,1006,490,0,280,-62,-23,999,-447,-79,-468
313,1934314,-4,-28,1007,490,0,210,-61,-20,990,-451,-88,-472
314,1940494,-4,-28,1007,420,70,210,-61,-20,990,-453,-81,-465
315,1946674,-5,-30,1006,420,70,210,-63,-24,993,-453,-81,-465
316,1952854,-4,-29,1008,490,0,210,-63,-22,990,-454,-79,-477
317,1959034,-4,-29,1008,490,0,210,-63,-22,990,-457,-88,-472
318,1965214,-5,-31,1007,420,0,210,-62,-21,995,-457,-88,-472
319,1971394,-3,-31,1008,490,0,210,-62,-23,990,-454,-82,-483
320,1977574,-3,-31,1008,490,0,210,-62,-23,990,-454,-82,-483
321,1983753,-3,-32,1006,490,0,210,-64,-25,993,-453,-87,-466
322,1989933,-2,-32,1008,490,0,210,-64,-25,993,-447,-78,-469
323,1996113,-2,-32,1008,490,0,210,-62,-26,992,-447,-78,-469
324,2002293,-2,-31,1007,490,0,210,-64,-27,996,-454,-78,-469
325,2008473,-4,-31,1007,490,70,210,-64,-27,996,-454,-78,-469
326,2014653,-4,-31,1007,490,70,210,-64,-23,993,-450,-85,-468
327,2020833,-2,-30,1007,560,0,210,-64,-23,994,-451,-78,-469
328,2027013,-2,-30,1007,560,0,280,-62,-23,994,-451,-78,-469
329,2033193,-3,-31,1007,560,0,280,-62,-26,991,-453,-81,-472
330,2039373,-3,-31,1006,560,0,280,-62,-26,991,-456,-79,-466
331,2045553,-3,-31,1006,560,0,280,-64,-23,989,-456,-79,-466
332,2051733,-4,-32,1006,490,0,280,-65,-24,992,-459,-79,-475
333,2057913,-3,-31,1007,560,-70,280,-65,-24,992,-459,-79,-475
334,2064093,-3,-31,1007,560,-70,280,-63,-22,993,-460,-84,-471
335,2070273,-3,-32,1007,560,0,280,-63,-22,993,-450,-84,-478
336,2076453,-2,-29,1007,560,0,280,-61,-23,994,-450,-84,-478
337,2082633,-2,-29,1007,560,0,280,-63,-24,990,-450,-76,-465
338,2088813,-4,-29,1006,560,0,280,-63,-24,990,-450,-85,-468
339,2094993,-6,-30,1004,630,0,280,-62,-23,995,-450,-85,-468
340,2101173,-6,-30,1004,630,0,280,-62,-19,993,-454,-73,-462
341,2107353,-5,-31,1005,700,-70,280,-62,-19,993,-454,-73,-462
342,2113533,-5,-31,1005,770,-140,280,-61,-24,992,-454,-81,-465
343,2119713,-4,-30,1007,770,-140,280,-61,-24,992,-457,-85,-468
344,2125893,-4,-27,1006,770,-140,280,-60,-22,991,-457,-85,-468
345,2132072,-4,-27,1006,770,-140,280,-59,-23,996,-456,-67,-468
346,2138252,-4,-27,1010,770,-140,280,-59,-23,996,-456,-67,-468
347,2144432,-5,-28,1009,700,-70,210,-62,-20,992,-454,-82,-472
348,2150612,-5,-28,1009,700,-70,210,-61,-18,998,-450,-78,-469
349,2156792,-4,-30,1008,630,0,280,-61,-18,998,-450,-78,-469
350,2162972,-3,-30,1009,630,0,210,-61,-21,996,-451,-70,-480
351,2169152,-3,-30,1009,630,0,210,-61,-21,996,-453,-69,-475
352,2175332,-3,-29,1007,560,0,210,-65,-24,995,-453,-69,-475
353,2181512,-3,-30,1008,490,0,280,-63,-25,996,-451,-85,-465
354,2187692,-3,-30,1008,490,0,280,-63,-25,996,-451,-85,-465
355,2193872,-4,-28,1007,420,70,280,-63,-22,992,-453,-87,-472
356,2200052,-4,-28,1007,490,0,280,-63,-22,996,-450,-79,-468
357,2206232,-3,-30,1007,490,0,280,-63,-24,996,-450,-79,-468
358,2212412,-3,-31,1008,560,0,280,-63,-25,987,-454,-79,-471
359,2218592,-3,-31,1008,560,0,210,-63,-25,987,-451,-87,-471
360,2224772,-2,-31,1007,560,0,210,-63,-26,992,-451,-87,-471
361,2230952,-2,-33,1007,490,0,210,-65,-26,989,-451,-81,-469
362,2237132,-2,-33,1007,490,0,210,-65,-26,989,-451,-81,-469
363,2243312,-3,-32,1007,490,70,210,-61,-22,995,-459,-76,-471
364,2249492,-3,-28,1008,560,70,280,-61,-22,995,-450,-79,-465
365,2255672,-3,-28,1008,560,70,280,-61,-22,993,-450,-79,-465
366,2261851,-4,-29,1006,490,0,280,-61,-21,993,-445,-85,-469
367,2268031,-4,-29,1008,560,0,280,-61,-21,993,-445,-85,-478
368,2274211,-5,-29,1008,560,0,280,-61,-22,994,-462,-84,-478
369,2280391,-6,-29,1007,560,0,280,-64,-21,994,-456,-81,-469
370,2286571,-6,-29,1007,560,0,210,-64,-21,994,-456,-81,-469
371,2292751,-4,-30,1005,560,0,210,-61,-21,994,-450,-82,-472
372,2298931,-5,-28,1010,560,0,280,-61,-21,994,-447,-76,-471
373,2305111,-5,-28,1010,560,0,280,-59,-24,994,-447,-76,-471
374,2311291,-4,-27,1007,490,0,280,-61,-24,992,-442,-81,-474
375,2317471,-4,-28,1007,490,0,210,-61,-24,992,-442,-81,-474
376,2323651,-4,-28,1007,490,0,210,-61,-23,991,-441,-79,-471
377,2329831,-4,-28,1008,490,70,210,-61,-22,994,-447,-79,-468
378,2336011,-3,-30,1005,490,70,210,-61,-22,994,-447,-79,-468
379,2342191,-3,-30,1005,490,70,210,-66,-22,989,-454,-87,-475
380,2348371,-2,-32,1005,490,0,210,-66,-22,989,-445,-81,-462
381,2354551,-2,-32,1006,560,0,210,-63,-24,995,-445,-81,-462
382,2360731,-3,-32,1006,560,0,210,-64,-23,989,-453,-85,-468
383,2366911,-3,-31,1007,560,0,280,-64,-23,989,-453,-85,-468
384,2373091,-3,-31,1007,560,0,280,-62,-25,997,-450,-84,-465
385,2379271,-3,-30,1008,560,0,280,-62,-25,998,-447,-85,-463
386,2385451,-3,-29,1007,560,0,280,-63,-22,998,-447,-85,-463
387,2391631,-3,-29,1007,560,0,280,-61,-25,992,-444,-76,-462
388,2397811,-4,-30,1009,560,0,280,-61,-25,992,-444,-76,-472
389,2403990,-4,-30,1007,490,0,280,-63,-26,990,-451,-81,-472
390,2410170,-4,-30,1007,490,0,280,-61,-23,992,-457,-76,-474
391,2416350,-5,-29,1006,560,70,280,-61,-23,992,-457,-76,-474
392,2422530,-5,-28,1007,490,0,280,-60,-21,990,-451,-84,-472
393,2428710,-5,-28,1007,490,0,280,-60,-21,990,-451,-76,-474
394,2434890,-6,-27,1006,490,70,280,-60,-20,995,-451,-76,-474
395,2441070,-6,-27,1007,490,0,210,-56,-22,994,-450,-81,-472
396,2447250,-5,-27,1007,490,0,210,-56,-22,994,-450,-81,-472
397,2453430,-4,-29,1007,490,0,210,-62,-25,990,-463,-84,-472
398,2459610,-4,-29,1007,490,0,210,-62,-23,996,-451,-84,-471
399,2465790,-4,-31,1007,490,0,210,-62,-23,996,-451,-84,-471
400,2471970,-2,-30,1007,490,0,210,-64,-20,995,-447,-79,-468
401,2478150,-2,-30,1007,490,0,210,-64,-20,995,-456,-73,-469
402,2484330,-3,-31,1006,490,0,280,-64,-25,995,-456,-73,-469
403,2490510,-3,-32,1008,490,0,280,-63,-23,991,-448,-87,-480
404,2496690,-3,-32,1008,490,0,280,-63,-23,991,-448,-87,-480
405,2502870,-3,-29,1007,490,0,210,-61,-24,993,-447,-81,-471
406,2509050,-4,-29,1006,490,0,280,-62,-25,992,-456,-81,-469
407,2515230,-4,-29,1006,490,0,280,-62,-25,992,-456,-81,-469
408,2521410,-4,-31,1006,490,0,210,-61,-23,996,-448,-79,-462
409,2527590,-4,-31,1008,490,0,210,-61,-23,996,-448,-79,-469
410,2533770,-4,-30,1008,490,0,210,-61,-23,994,-460,-94,-469
411,2539949,-3,-29,1006,490,0,210,-63,-22,993,-454,-84,-475
412,2546129,-3,-29,1006,490,0,210,-63,-22,993,-454,-84,-475
413,2552309,-5,-30,1006,490,0,210,-61,-24,995,-447,-76,-466
414,2558489,-4,-28,1009,490,0,280,-61,-22,992,-453,-85,-480
415,2564669,-4,-28,1009,490,0,280,-62,-22,992,-453,-85,-480
416,2570849,-5,-29,1006,490,70,210,-61,-24,996,-450,-87,-474
417,2577029,-3,-30,1008,490,0,210,-61,-24,996,-450,-87,-474
418,2583209,-3,-30,1008,490,0,210,-62,-21,994,-453,-85,-474
419,2589389,-3,-31,1006,490,0,210,-64,-25,993,-448,-84,-472
420,2595569,-2,-33,1007,490,0,210,-64,-25,993,-448,-84,-472
421,2601749,-2,-33,1007,490,0,210,-66,-27,989,-450,-88,-475
422,2607929,-2,-32,1008,490,0,210,-66,-27,989,-445,-85,-474
423,2614109,-2,-32,1006,490,0,210,-63,-25,996,-445,-85,-474
424,2620289,-2,-29,1006,490,0,210,-61,-22,988,-448,-96,-471
425,2626469,-4,-29,1007,490,0,280,-61,-22,988,-448,-96,-471
426,2632649,-4,-29,1007,490,0,210,-61,-24,994,-448,-90,-465
427,2638829,-4,-30,1007,490,0,210,-61,-22,992,-450,-82,-469
428,2645009,-3,-30,1006,490,0,280,-61,-22,992,-450,-82,-469
429,2651189,-3,-30,1006,490,0,280,-63,-23,994,-457,-90,-469
430,2657369,-4,-29,1006,490,70,280,-63,-23,994,-457,-90,-475
431,2663549,-4,-29,1007,490,0,210,-61,-21,999,-441,-75,-475
432,2669729,-4,-29,1007,490,0,210,-62,-21,995,-444,-85,-474
433,2675908,-3,-28,1007,490,0,210,-62,-21,995,-444,-85,-474
434,2682088,-3,-29,1008,560,0,280,-62,-25,995,-442,-87,-471
435,2688268,-3,-29,1008,560,0,280,-62,-25,989,-438,-82,-462
436,2694448,-3,-30,1006,490,0,210,-62,-25,989,-438,-82,-462
437,2700628,-3,-30,1006,490,0,210,-62,-24,994,-438,-84,-475
438,2706808,-3,-29,1007,490,0,210,-62,-24,994,-438,-84,-475
439,2712988,-4,-31,1006,490,70,210,-64,-24,991,-451,-81,-471
440,2719168,-4,-31,1006,490,0,210,-61,-24,996,-450,-94,-478
441,2725348,-3,-30,1007,490,0,210,-61,-24,996,-450,-94,-478
442,2731528,-3,-29,1007,560,0,210,-63,-25,987,-448,-78,-477
443,2737708,-3,-29,1007,560,0,210,-63,-25,995,-448,-82,-474
444,2743888,-3,-31,1007,560,0,210,-62,-25,995,-448,-82,-474
445,2750068,-4,-29,1007,490,0,280,-63,-20,995,-441,-81,-472
446,2756248,-4,-29,1007,490,0,280,-63,-20,995,-441,-81,-472
447,2762428,-3,-29,1008,490,0,210,-62,-27,993,-456,-93,-478
448,2768608,-4,-29,1008,490,0,280,-62,-23,992,-453,-87,-460
449,2774788,-4,-29,1008,490,0,280,-62,-23,992,-453,-87,-460
450,2780968,-4,-30,1007,490,0,210,-62,-24,994,-451,-78,-466
451,2787148,-4,-30,1007,490,0,210,-62,-24,994,-451,-78,-471
452,2793328,-3,-29,1007,490,0,210,-62,-24,990,-453,-88,-471
453,2799508,-4,-29,1007,490,0,210,-61,-21,998,-441,-78,-478
454,2805688,-4,-29,1007,560,0,280,-61,-21,998,-441,-78,-478
455,2811868,-5,-28,1008,560,0,280,-59,-22,992,-444,-81,-478
456,2818047,-4,-28,1007,490,0,280,-62,-23,994,-450,-87,-481
457,2824228,-4,-28,1007,490,0,280,-62,-23,994,-450,-87,-481
458,2830407,-4,-30,1007,490,0,210,-64,-25,995,-444,-79,-466
459,2836587,-3,-30,1006,490,0,210,-64,-25,995,-444,-79,-466
460,2842767,-3,-30,1006,490,0,210,-64,-23,993,-453,-82,-469
461,2848947,-4,-30,1006,490,0,280,-62,-23,994,-454,-90,-465
462,2855127,-3,-30,1007,490,0,210,-62,-23,994,-454,-90,-465
463,2861307,-3,-30,1007,490,0,210,-63,-23,993,-451,-79,-472
464,2867487,-2,-30,1007,490,0,210,-63,-25,990,-450,-81,-465
465,2873667,-2,-30,1007,490,70,280,-63,-25,990,-450,-81,-465
466,2879847,-3,-30,1007,490,70,280,-64,-23,991,-454,-85,-474
467,2886027,-3,-31,1007,490,70,210,-64,-23,991,-454,-85,-474
468,2892207,-3,-31,1007,560,0,280,-61,-22,996,-454,-78,-481
469,2898387,-4,-30,1006,560,0,280,-63,-21,991,-454,-81,-468
470,2904567,-4,-30,1007,490,0,280,-63,-21,991,-454,-81,-468
471,2910747,-4,-30,1007,490,0,280,-61,-24,996,-448,-85,-460
472,2916927,-4,-29,1007,490,0,280,-61,-20,994,-448,-85,-469
473,2923107,-5,-28,1007,490,70,210,-61,-20,994,-451,-85,-469
474,2929287,-5,-28,1007,490,70,210,-61,-26,998,-457,-78,-472
475,2935467,-4,-28,1007,490,0,210,-61,-26,998,-457,-78,-472
476,2941647,-5,-29,1005,490,70,210,-62,-19,994,-456,-85,-466
477,2947827,-5,-29,1005,490,70,210,-61,-24,994,-453,-85,-457
478,2954007,-5,-29,1007,490,0,210,-61,-24,994,-453,-85,-457
479,2960186,-5,-29,1007,490,0,210,-62,-24,987,-451,-85,-471
480,2966366,-4,-29,1007,490,0,210,-62,-24,987,-451,-85,-471
481,2972546,-4,-30,1008,490,0,210,-62,-24,994,-448,-85,-475
482,2978726,-4,-30,1008,490,70,210,-63,-22,992,-450,-82,-475
483,2984906,-3,-29,1008,490,70,210,-63,-22,992,-450,-82,-475
484,2991086,-3,-30,1007,490,70,210,-63,-22,996,-442,-78,-468
485,2997266,-3,-30,1007,490,70,210,-62,-21,992,-451,-84,-465
486,3003446,-3,-31,1006,490,0,280,-62,-21,992,-451,-84,-465
487,3009626,-1,-31,1007,560,0,210,-64,-26,989,-450,-85,-466
488,3015806,-1,-31,1007,560,0,210,-64,-26,989,-450,-85,-466
489,3021986,-2,-32,1007,490,0,210,-63,-24,997,-456,-91,-471
490,3028166,-4,-31,1006,490,0,280,-62,-20,991,-444,-85,-469
491,3034346,-4,-31,1006,490,0,280,-62,-20,991,-444,-85,-469
492,3040526,-3,-29,1007,490,0,280,-60,-23,993,-451,-90,-477
493,3046706,-3,-29,1007,490,0,280,-62,-22,989,-451,-91,-466
494,3052886,-4,-30,1007,490,0,280,-62,-22,989,-460,-91,-466
495,3059066,-4,-29,1008,490,0,210,-61,-25,994,-453,-72,-469
496,3065246,-4,-29,1008,490,0,210,-61,-25,994,-453,-72,-469
497,3071426,-4,-28,1008,490,0,210,-62,-20,995,-453,-88,-460
498,3077606,-3,-29,1006,490,0,210,-60,-21,996,-453,-82,-471
499,3083786,-3,-29,1006,490,0,210,-60,-21,996,-453,-82,-471
500,3089966,-4,-29,1007,490,0,210,-62,-22,991,-445,-82,-462
501,3096146,-4,-29,1008,490,0,210,-61,-22,995,-445,-82,-462
502,3102326,-4,-29,1008,490,0,210,-61,-22,995,-451,-87,-469
503,3108505,-5,-31,1007,560,0,210,-62,-21,993,-457,-85,-469
504,3114685,-3,-30,1006,560,0,280,-62,-21,993,-457,-85,-469
505,3120865,-3,-30,1006,560,0,280,-62,-26,995,-444,-76,-469
506,3127045,-3,-29,1007,490,0,280,-61,-22,990,-457,-81,-463
507,3133225,-3,-29,1007,490,70,280,-61,-22,990,-457,-81,-463
508,3139405,-3,-30,1006,490,70,280,-63,-21,992,-447,-93,-468
509,3145585,-5,-30,1006,490,0,280,-63,-21,993,-447,-93,-468
510,3151765,-5,-30,1006,490,0,210,-62,-25,993,-451,-90,-472
511,3157945,-3,-30,1007,490,0,210,-64,-22,994,-445,-85,-472
512,3164125,-3,-29,1007,490,0,210,-64,-22,994,-445,-85,-472
513,3170305,-3,-29,1007,490,0,210,-61,-23,994,-456,-81,-474
514,3176485,-3,-28,1007,490,0,280,-61,-21,997,-456,-82,-471
515,3182665,-3,-28,1008,420,70,210,-61,-21,997,-448,-82,-471
516,3188845,-3,-28,1008,420,70,210,-62,-23,994,-448,-82,-472
517,3195025,-4,-29,1007,490,0,280,-62,-23,994,-448,-82,-472
518,3201205,-4,-29,1007,490,0,210,-61,-22,994,-444,-87,-463
519,3207385,-5,-29,1007,490,0,210,-60,-26,995,-441,-81,-472
520,3213565,-4,-27,1007,490,0,210,-60,-26,995,-441,-81,-472
521,3219745,-4,-27,1007,490,0,210,-60,-19,990,-451,-75,-468
522,3225925,-5,-29,1008,490,0,210,-60,-20,994,-451,-75,-468
523,3232104,-3,-30,1007,490,0,210,-60,-20,994,-447,-84,-474
524,3238285,-3,-30,1007,490,0,210,-62,-22,990,-448,-79,-468
525,3244464,-4,-30,1007,490,70,210,-62,-22,990,-448,-79,-468
526,3250644,-2,-31,1008,490,0,210,-63,-25,996,-451,-93,-471
527,3256824,-2,-31,1008,490,0,210,-65,-21,995,-450,-87,-477
528,3263004,-2,-31,1009,490,0,210,-65,-21,995,-450,-87,-477
529,3269184,-2,-30,1007,490,-70,280,-61,-25,990,-444,-79,-465
530,3275364,-2,-30,1007,490,-70,280,-62,-21,993,-444,-79,-465
531,3281544,-2,-31,1006,490,0,280,-62,-21,993,-454,-78,-463
532,3287724,-2,-29,1007,490,0,280,-61,-23,997,-448,-87,-466
533,3293904,-2,-29,1007,490,0,280,-61,-23,997,-448,-87,-466
534,3300084,-3,-29,1007,490,0,280,-63,-22,990,-450,-82,-474
535,3306264,-3,-29,1007,490,0,280,-62,-24,994,-450,-81,-474
536,3312444,-4,-29,1007,490,0,280,-62,-24,994,-451,-81,-474
537,3318624,-4,-29,1008,490,0,280,-61,-22,988,-444,-85,-474
538,3324804,-4,-29,1008,490,0,210,-61,-22,994,-444,-85,-474
539,3330984,-4,-29,1006,560,0,210,-61,-20,994,-447,-72,-474
540,3337164,-5,-29,1007,560,0,210,-61,-22,996,-445,-88,-471
541,3343344,-5,-29,1007,560,0,210,-61,-22,996,-445,-88,-471
542,3349524,-4,-28,1006,560,0,210,-60,-21,993,-456,-85,-475
543,3355704,-3,-29,1008,490,0,210,-62,-22,991,-456,-85,-475
544,3361884,-3,-29,1008,490,0,210,-62,-22,991,-448,-84,-471
545,3368064,-3,-31,1007,490,0,210,-62,-25,994,-451,-78,-465
546,3374244,-3,-30,1006,490,0,210,-62,-25,994,-451,-78,-465
547,3380424,-2,-30,1006,490,0,210,-62,-26,992,-450,-81,-465
548,3386603,-2,-31,1007,490,70,210,-63,-22,995,-451,-84,-471
549,3392783,-2,-31,1007,490,0,210,-63,-22,995,-451,-84,-471
550,3398963,-3,-30,1007,490,0,210,-61,-22,990,-453,-85,-468
551,3405143,-2,-30,1007,560,70,280,-61,-21,992,-453,-85,-468
552,3411323,-2,-30,1007,560,70,280,-61,-21,992,-447,-88,-460
553,3417503,-3,-30,1007,490,0,280,-63,-23,996,-444,-88,-472
554,3423683,-3,-29,1007,490,0,280,-63,-23,996,-444,-88,-472
555,3429863,-3,-29,1007,490,0,280,-63,-21,993,-442,-78,-469
556,3436043,-3,-30,1007,490,0,210,-60,-22,990,-442,-93,-468
557,3442223,-3,-31,1007,490,0,280,-60,-22,990,-453,-93,-468
558,3448403,-3,-31,1007,490,0,280,-61,-25,988,-448,-85,-465
559,3454583,-4,-29,1006,560,0,210,-61,-23,990,-448,-85,-465
560,3460763,-4,-29,1007,560,0,210,-61,-23,990,-450,-85,-475
561,3466943,-3,-28,1007,560,0,210,-61,-21,995,-459,-88,-472
562,3473123,-4,-30,1006,490,0,280,-61,-21,995,-459,-88,-472
563,3479303,-4,-30,1006,490,70,280,-61,-22,992,-447,-82,-468
564,3485483,-4,-29,1007,490,70,280,-61,-24,992,-447,-82,-468
565,3491663,-3,-28,1007,490,0,210,-61,-24,992,-465,-90,-472
566,3497843,-3,-28,1007,490,0,210,-62,-25,989,-448,-76,-472
567,3504023,-4,-30,1007,490,0,210,-62,-25,987,-448,-76,-472
568,3510203,-5,-29,1007,490,0,210,-64,-23,987,-445,-85,-466
569,3516382,-5,-29,1007,490,0,210,-59,-24,994,-457,-90,-469
570,3522562,-3,-29,1006,490,0,210,-59,-24,994,-457,-90,-469
571,3528742,-2,-29,1008,490,0,280,-61,-21,986,-453,-82,-459
572,3534922,-2,-29,1008,490,0,280,-62,-26,987,-453,-82,-459
573,3541102,-3,-30,1008,490,0,210,-62,-26,987,-453,-79,-471
574,3547282,-3,-30,1006,490,70,210,-63,-22,990,-460,-73,-471
575,3553462,-4,-29,1006,490,70,210,-63,-22,990,-460,-73,-471
576,3559642,-3,-30,1007,490,0,280,-62,-23,993,-448,-88,-471
577,3565822,-3,-30,1007,490,0,210,-61,-21,990,-448,-84,-469
578,3572002,-5,-30,1007,490,0,210,-61,-21,990,-456,-84,-469
579,3578182,-3,-28,1007,490,0,280,-60,-26,992,-457,-82,-462
580,3584362,-3,-28,1007,490,0,280,-62,-24,984,-457,-82,-462
581,3590542,-4,-28,1007,490,0,210,-62,-24,984,-447,-85,-468
582,3596722,-5,-29,1007,490,0,210,-59,-22,996,-448,-81,-459
583,3602902,-5,-29,1007,490,0,210,-59,-22,996,-448,-81,-459
584,3609082,-4,-27,1007,490,0,210,-61,-23,989,-447,-87,-465
585,3615262,-4,-31,1007,490,0,210,-64,-25,990,-447,-87,-465
586,3621442,-4,-31,1007,490,0,210,-64,-25,990,-453,-85,-465
587,3627622,-2,-30,1007,490,0,210,-62,-22,990,-448,-79,-468
588,3633802,-2,-30,1007,490,0,210,-65,-27,990,-448,-79,-468
589,3639982,-1,-31,1007,490,0,210,-65,-27,990,-447,-76,-466
590,3646161,-4,-32,1008,490,0,210,-65,-24,998,-447,-88,-468
591,3652342,-4,-32,1008,560,-70,280,-65,-24,998,-447,-88,-468
592,3658522,-3,-30,1006,560,-70,280,-62,-24,988,-454,-81,-472
593,3664701,-5,-30,1008,490,0,280,-62,-24,985,-454,-81,-472
594,3670881,-5,-30,1008,490,0,280,-62,-24,985,-442,-82,-472
595,3677061,-3,-30,1007,560,0,210,-63,-24,990,-448,-90,-468
596,3683241,-3,-29,1006,560,0,210,-63,-24,988,-448,-90,-468
597,3689421,-3,-29,1006,560,0,210,-62,-24,988,-454,-85,-468
598,3695601,-3,-30,1007,490,0,210,-62,-23,993,-454,-85,-460
599,3701781,-5,-30,1007,490,0,210,-62,-23,993,-450,-85,-460
600,3707961,-5,-30,1007,490,0,210,-61,-24,992,-451,-82,-466
601,3714141,-4,-28,1006,490,0,210,-60,-23,989,-451,-82,-466
602,3720321,-4,-28,1006,490,0,210,-60,-23,989,-450,-76,-466
603,3726501,-4,-28,1008,490,0,210,-62,-25,995,-447,-85,-472
604,3732681,-4,-30,1006,420,0,210,-62,-25,995,-447,-85,-472
605,3738861,-4,-30,1006,560,0,210,-63,-25,990,-450,-84,-469
606,3745041,-4,-29,1007,560,0,210,-60,-24,988,-450,-84,-469
607,3751221,-5,-29,1006,490,0,210,-60,-24,988,-445,-93,-460
608,3757401,-5,-29,1006,490,0,210,-62,-23,987,-450,-87,-454
609,3763581,-5,-29,1007,490,0,280,-61,-25,992,-450,-87,-454
610,3769761,-3,-28,1008,490,0,210,-61,-25,992,-453,-88,-472
611,3775941,-3,-28,1008,490,0,210,-62,-21,993,-450,-90,-469
612,3782121,-3,-27,1007,490,0,210,-62,-21,993,-450,-90,-469
613,3788301,-4,-30,1008,490,0,280,-62,-23,991,-447,-85,-472
614,3794480,-4,-30,1008,490,0,280,-63,-23,990,-447,-85,-472
615,3800660,-4,-30,1008,490,0,210,-63,-23,990,-450,-90,-472
616,3806840,-4,-30,1008,490,0,210,-64,-25,994,-459,-85,-477
617,3813020,-2,-30,1007,490,0,210,-63,-24,992,-459,-85,-477
618,3819200,-3,-30,1007,490,0,280,-63,-24,992,-448,-82,-465
619,3825380,-3,-30,1007,490,0,210,-63,-25,993,-448,-82,-469
620,3831560,-2,-29,1008,490,0,210,-63,-25,993,-447,-82,-469
621,3837740,-4,-30,1008,490,0,280,-63,-26,993,-451,-90,-477
622,3843920,-4,-30,1008,490,0,280,-62,-23,990,-451,-90,-477
623,3850100,-3,-30,1008,490,0,280,-62,-23,990,-445,-84,-472
624,3856280,-4,-29,1006,490,0,210,-61,-27,989,-451,-90,-472
625,3862460,-4,-29,1006,490,0,210,-61,-27,991,-451,-90,-472
626,3868640,-3,-30,1007,490,0,210,-63,-22,991,-450,-90,-459
627,3874820,-3,-31,1007,560,70,210,-61,-23,993,-450,-90,-459
628,3881000,-3,-31,1007,560,70,210,-61,-23,993,-445,-87,-471
629,3887180,-3,-29,1007,490,70,280,-63,-24,988,-445,-85,-469
630,3893360,-3,-29,1007,490,70,280,-62,-24,991,-445,-85,-469
631,3899540,-4,-30,1007,490,70,280,-62,-24,991,-450,-78,-471
632,3905720,-5,-29,1008,560,70,210,-63,-23,992,-448,-84,-474
633,3911900,-5,-29,1008,560,0,210,-63,-23,992,-448,-84,-474
634,3918080,-4,-28,1009,560,0,210,-61,-28,994,-448,-84,-474
635,3924260,-3,-30,1008,490,70,280,-63,-23,986,-448,-84,-474
636,3930440,-3,-30,1008,490,70,280,-63,-23,986,-448,-84,-469
637,3936619,-3,-30,1007,560,0,280,-61,-24,988,-451,-82,-469
638,3942799,-3,-29,1008,560,0,280,-62,-24,987,-451,-82,-469
639,3948979,-3,-29,1008,560,0,280,-62,-24,987,-448,-87,-475
640,3955159,-3,-30,1008,560,0,280,-61,-24,994,-448,-81,-460
641,3961339,-5,-29,1008,490,0,280,-61,-24,994,-450,-81,-460
642,3967519,-5,-29,1008,490,0,280,-62,-22,991,-457,-78,-472
643,3973699,-4,-29,1008,560,0,210,-62,-23,990,-457,-78,-472
644,3979879,-4,-29,1008,490,0,280,-62,-23,990,-450,-87,-469
645,3986059,-4,-29,1007,490,0,280,-62,-24,988,-447,-85,-469
646,3992239,-3,-30,1007,490,0,280,-62,-24,990,-447,-85,-469
647,3998419,-3,-30,1007,490,0,280,-62,-24,990,-454,-88,-475
648,4004599,-4,-29,1009,490,0,280,-63,-26,996,-454,-88,-475
649,4010779,-5,-30,1007,490,70,210,-63,-26,996,-447,-85,-460
650,4016959,-5,-30,1007,490,70,210,-62,-21,991,-456,-87,-468
651,4023139,-3,-29,1006,490,0,280,-61,-24,996,-456,-87,-468
652,4029319,-4,-30,1007,490,70,280,-61,-24,996,-447,-88,-472
653,4035499,-4,-30,1007,490,70,280,-62,-23,987,-457,-88,-474
654,4041679,-4,-29,1007,490,70,280,-62,-23,991,-457,-88,-474
655,4047859,-4,-28,1008,560,0,280,-60,-25,991,-453,-84,-478
656,4054039,-4,-28,1008,560,0,280,-62,-22,990,-453,-84,-478
657,4060219,-4,-28,1007,490,0,210,-62,-22,990,-450,-93,-468
658,4066399,-4,-28,1007,490,70,210,-62,-24,991,-456,-81,-478
659,4072578,-4,-30,1008,490,70,210,-61,-21,989,-456,-81,-478
660,4078758,-3,-29,1007,560,0,210,-61,-21,989,-456,-82,-468
661,4084938,-3,-29,1007,560,0,210,-61,-25,993,-453,-85,-468
662,4091118,-3,-27,1007,490,0,210,-61,-25,993,-453,-85,-468
663,4097298,-4,-30,1006,490,0,210,-62,-22,993,-462,-81,-474
664,4103478,-4,-30,1006,490,0,210,-62,-26,993,-462,-81,-474
665,4109658,-4,-29,1008,560,0,210,-62,-26,993,-454,-90,-477
666,4115838,-4,-29,1008,490,0,210,-62,-23,993,-462,-82,-484
667,4122018,-4,-29,1008,490,0,210,-63,-23,988,-462,-82,-484
668,4128198,-3,-31,1007,420,0,210,-63,-23,988,-451,-84,-469
669,4134378,-3,-29,1008,490,0,210,-60,-26,988,-451,-84,-469
670,4140558,-3,-29,1008,490,0,210,-60,-26,988,-453,-78,-478
671,4146738,-4,-30,1007,490,0,210,-63,-25,989,-448,-85,-480
672,4152918,-4,-30,1007,490,0,210,-62,-25,993,-448,-85,-480
673,4159098,-3,-29,1007,490,0,210,-62,-25,993,-453,-87,-471
674,4165278,-3,-29,1008,490,0,210,-62,-24,989,-442,-88,-468
675,4171458,-3,-29,1008,490,0,210,-64,-24,988,-442,-88,-468
676,4177638,-4,-29,1007,490,0,210,-64,-24,988,-448,-85,-466
677,4183818,-4,-31,1007,490,0,280,-63,-21,993,-448,-85,-466
678,4189998,-4,-31,1007,490,0,280,-63,-21,993,-447,-90,-466
679,4196178,-4,-30,1008,560,0,280,-62,-26,993,-453,-85,-477
680,4202358,-4,-31,1007,560,0,210,-64,-22,996,-453,-85,-477
681,4208537,-4,-31,1007,560,0,210,-64,-22,996,-447,-87,-474
682,4214718,-4,-30,1008,490,0,210,-61,-22,989,-447,-93,-469
683,4220897,-4,-29,1008,490,0,280,-61,-25,989,-447,-93,-469
684,4227077,-4,-29,1008,490,0,280,-60,-25,989,-456,-78,-472
685,4233257,-4,-30,1007,490,0,210,-63,-24,986,-456,-78,-472
686,4239437,-4,-30,1007,490,0,210,-63,-24,986,-457,-76,-468
687,4245617,-4,-30,1007,490,0,210,-61,-23,992,-453,-84,-475
688,4251797,-2,-28,1007,490,0,210,-62,-22,991,-453,-84,-475
689,4257977,-2,-28,1007,490,0,280,-62,-22,991,-453,-88,-474
690,4264157,-5,-29,1009,490,0,280,-60,-25,991,-453,-88,-474
691,4270337,-4,-28,1008,560,0,280,-60,-25,991,-456,-82,-474
692,4276517,-4,-28,1008,560,0,280,-60,-22,988,-459,-81,-471
693,4282697,-3,-30,1007,560,70,210,-62,-24,996,-459,-81,-471
694,4288877,-2,-30,1007,560,70,210,-62,-24,996,-454,-87,-472
695,4295057,-2,-30,1007,560,70,210,-64,-22,992,-463,-82,-466
696,4301237,-4,-30,1007,490,0,210,-63,-23,994,-463,-82,-466
697,4307417,-4,-30,1006,490,0,210,-63,-23,994,-447,-87,-469
698,4313597,-3,-30,1006,490,0,210,-62,-28,988,-447,-87,-469
699,4319777,-3,-30,1007,560,70,280,-62,-28,988,-453,-87,-475
700,4325957,-3,-30,1007,490,0,210,-61,-24,989,-451,-93,-469
701,4332137,-4,-30,1007,490,0,210,-61,-26,988,-451,-93,-469
702,4338317,-4,-29,1007,560,0,210,-61,-26,988,-448,-81,-472
703,4344497,-4,-29,1007,560,0,210,-63,-23,990,-454,-85,-471
704,4350677,-4,-30,1007,490,0,210,-62,-22,992,-454,-85,-471
705,4356856,-3,-30,1007,490,0,210,-62,-22,992,-450,-84,-475
706,4363036,-3,-30,1007,490,0,210,-61,-23,988,-450,-84,-475
707,4369216,-2,-29,1006,490,0,210,-61,-23,988,-444,-88,-471
708,4375396,-3,-30,1007,490,0,210,-62,-25,993,-454,-82,-474
709,4381576,-3,-30,1007,490,0,210,-63,-21,987,-454,-82,-474
710,4387756,-3,-29,1007,490,0,210,-63,-21,987,-456,-79,-475
711,4393936,-3,-31,1008,490,70,210,-62,-23,993,-456,-79,-469
712,4400116,-4,-31,1008,490,70,210,-62,-23,993,-451,-81,-469
713,4406296,-5,-30,1006,490,70,210,-63,-23,993,-453,-75,-466
714,4412476,-5,-30,1006,490,0,210,-63,-25,993,-453,-75,-466
715,4418656,-4,-29,1008,490,0,210,-63,-25,993,-450,-87,-477
716,4424836,-3,-29,1007,490,0,210,-61,-27,986,-460,-91,-474
717,4431016,-3,-29,1007,490,0,210,-63,-25,991,-460,-91,-474
718,4437196,-4,-29,1006,560,0,210,-63,-25,991,-451,-87,-471
719,4443376,-3,-29,1007,490,0,210,-60,-22,994,-451,-87,-471
720,4449556,-3,-29,1007,490,0,210,-60,-22,994,-453,-82,-477
721,4455736,-3,-28,1007,490,0,280,-61,-23,988,-454,-78,-465
722,4461916,-3,-30,1007,490,0,210,-62,-24,992,-454,-78,-465
723,4468096,-3,-30,1007,490,0,210,-62,-24,992,-456,-85,-472
724,4474276,-3,-29,1007,490,0,210,-62,-23,989,-454,-78,-480
725,4480456,-3,-29,1008,490,0,210,-63,-24,995,-454,-78,-480
726,4486635,-2,-29,1008,490,0,210,-63,-24,995,-447,-82,-465
727,4492815,-3,-31,1007,560,0,210,-62,-22,991,-447,-82,-465
728,4498995,-3,-31,1007,560,0,210,-62,-22,991,-453,-84,-469
729,4505175,-3,-30,1007,560,0,210,-61,-24,991,-441,-82,-474
730,4511355,-3,-30,1007,490,70,210,-63,-26,990,-441,-82,-474
731,4517535,-3,-30,1007,490,70,210,-63,-26,990,-441,-84,-469
732,4523715,-3,-30,1008,490,0,210,-63,-24,992,-441,-84,-475
733,4529895,-3,-30,1007,490,0,280,-61,-25,991,-454,-82,-475
734,4536075,-3,-30,1007,490,0,280,-61,-25,991,-442,-79,-466
735,4542255,-3,-29,1007,490,0,210,-62,-23,990,-442,-79,-466
736,4548435,-4,-29,1008,490,70,280,-62,-23,990,-450,-94,-471
737,4554615,-4,-29,1008,490,70,280,-60,-21,992,-445,-82,-480
738,4560795,-3,-28,1007,490,0,280,-61,-22,989,-445,-82,-480
739,4566975,-3,-28,1007,490,0,280,-61,-22,989,-447,-84,-475
740,4573155,-4,-29,1007,490,0,280,-61,-23,992,-447,-84,-475
741,4579335,-4,-29,1007,490,0,280,-61,-22,994,-448,-82,-474
742,4585515,-4,-29,1007,490,0,210,-61,-22,994,-454,-85,-474
743,4591695,-3,-29,1007,490,0,210,-61,-24,994,-454,-85,-474
744,4597875,-4,-29,1007,490,0,210,-61,-24,994,-448,-78,-474
745,4604055,-4,-29,1007,490,0,210,-61,-25,991,-447,-91,-462
746,4610235,-3,-29,1007,490,70,210,-60,-26,990,-447,-91,-462
747,4616415,-4,-27,1009,420,70,280,-60,-26,990,-457,-72,-478
748,4622595,-4,-27,1009,420,70,280,-61,-22,990,-457,-72,-478
749,4628775,-5,-29,1008,420,0,210,-61,-22,990,-448,-88,-468
750,4634954,-5,-28,1006,420,70,210,-60,-23,993,-445,-87,-472
751,4641134,-5,-28,1006,420,70,210,-59,-21,988,-445,-87,-472
752,4647314,-5,-28,1008,420,70,210,-59,-21,988,-448,-76,-468
753,4653494,-5,-28,1007,350,70,210,-61,-25,989,-448,-76,-463
754,4659674,-4,-29,1007,350,70,210,-61,-20,989,-450,-81,-463
755,4665854,-3,-30,1009,420,70,210,-61,-20,989,-441,-73,-472
756,4672034,-3,-30,1009,350,70,210,-61,-22,997,-441,-73,-472
757,4678214,-4,-28,1008,350,70,210,-61,-22,997,-451,-90,-472
758,4684394,-4,-29,1007,420,140,210,-61,-23,994,-454,-85,-468
759,4690574,-4,-29,1007,420,140,210,-61,-22,995,-454,-85,-468
760,4696754,-4,-28,1009,350,140,210,-61,-22,995,-447,-70,-471
761,4702934,-5,-29,1008,350,140,140,-60,-25,991,-447,-70,-471
762,4709114,-5,-29,1008,350,140,140,-63,-24,986,-451,-79,-468
763,4715294,-4,-31,1005,350,140,140,-63,-24,986,-447,-84,-471
764,4721474,-4,-33,1006,280,140,210,-63,-22,996,-447,-84,-471
765,4727654,-4,-33,1006,280,140,210,-63,-22,996,-445,-87,-471
766,4733834,-1,-32,1005,350,140,140,-65,-22,988,-450,-91,-474
767,4740014,-1,-32,1006,350,140,210,-65,-31,988,-450,-91,-474
768,4746194,-1,-34,1006,350,140,210,-65,-31,988,-447,-75,-459
769,4752374,-1,-34,1005,350,140,210,-66,-23,990,-447,-75,-459
770,4758553,-1,-34,1005,420,140,210,-64,-26,991,-450,-87,-466
771,4764734,0,-32,1006,420,140,210,-64,-26,991,-442,-85,-466
772,4770913,-2,-32,1006,490,70,210,-64,-20,989,-442,-85,-466
773,4777093,-2,-32,1006,490,70,210,-64,-20,989,-450,-84,-484
774,4783273,-4,-31,1006,490,70,210,-61,-24,991,-450,-84,-475
775,4789453,-3,-29,1006,490,0,280,-61,-21,993,-450,-91,-475
776,4795633,-3,-29,1006,490,0,280,-61,-21,993,-448,-76,-471
777,4801813,-6,-30,1007,490,70,280,-64,-22,990,-448,-76,-471
778,4807993,-5,-28,1007,560,0,210,-64,-22,995,-442,-70,-468
779,4814173,-5,-28,1007,560,0,210,-61,-22,995,-450,-79,-471
780,4820353,-4,-29,1008,490,0,210,-62,-22,989,-450,-79,-471
781,4826533,-4,-29,1008,490,0,210,-62,-22,989,-441,-78,-474
782,4832713,-3,-31,1007,490,0,210,-63,-27,990,-441,-78,-474
783,4838893,-3,-32,1007,490,0,210,-63,-24,987,-442,-85,-478
784,4845073,-3,-32,1007,490,70,280,-63,-24,987,-444,-79,-471
785,4851253,-2,-31,1007,490,70,280,-63,-26,992,-444,-79,-471
786,4857433,-5,-31,1007,490,0,210,-63,-26,992,-454,-85,-472
787,4863613,-5,-31,1007,490,0,210,-61,-22,991,-459,-82,-469
788,4869793,-4,-30,1008,490,70,210,-61,-18,997,-459,-82,-469
789,4875973,-2,-28,1008,-70,-140,280,-61,-18,997,-448,-73,-468
790,4882153,-2,-28,1008,-70,-140,280,-61,-24,986,-448,-73,-468
791,4888333,-4,-29,1007,210,0,280,-62,-22,991,-457,-87,-471
792,4894513,-6,-29,1008,490,70,210,-62,-22,991,-457,-76,-468
793,4900693,-6,-29,1008,490,70,210,-62,-23,997,-457,-76,-468
794,4906873,-3,-30,1007,490,0,210,-62,-23,997,-457,-100,-465
795,4913052,-3,-30,1007,560,0,210,-63,-20,991,-457,-100,-468
796,4919232,-5,-31,1007,560,0,210,-61,-23,994,-442,-84,-468
797,4925412,-4,-29,1007,490,0,210,-61,-23,994,-459,-76,-469
798,4931592,-4,-29,1007,490,0,210,-62,-22,988,-459,-76,-469
799,4937772,-3,-30,1007,490,0,210,-61,-25,990,-451,-85,-468
800,4943952,-3,-31,1007,490,0,210,-61,-25,990,-450,-84,-480
801,4950132,-3,-31,1007,490,0,210,-62,-20,991,-450,-84,-480
802,4956312,-3,-30,1008,490,70,210,-62,-20,991,-439,-78,-477
803,4962492,-4,-31,1007,560,70,210,-62,-21,995,-439,-78,-477
804,4968672,-4,-31,1007,560,70,210,-63,-22,986,-450,-87,-462
805,4974852,-3,-31,1007,490,70,280,-63,-22,986,-450,-72,-468
806,4981032,-3,-29,1007,490,0,210,-60,-22,992,-450,-72,-468
807,4987212,-3,-29,1007,490,0,210,-60,-22,992,-448,-87,-483
808,4993392,-5,-30,1007,490,70,210,-60,-19,992,-448,-85,-471
809,4999572,-5,-30,1007,490,70,280,-62,-22,994,-448,-85,-471
810,5005752,-4,-30,1008,490,70,280,-62,-22,994,-444,-81,-469
811,5011932,-4,-30,1007,490,70,210,-63,-22,995,-444,-81,-469
812,5018112,-4,-30,1007,490,0,210,-64,-22,993,-448,-88,-465
813,5024292,-2,-31,1007,490,0,210,-64,-22,993,-450,-85,-472
814,5030472,-3,-32,1008,490,0,210,-63,-27,992,-450,-85,-472
815,5036651,-3,-32,1008,490,0,210,-63,-27,992,-450,-85,-477
816,5042831,-3,-30,1008,560,0,210,-62,-23,994,-450,-85,-475
817,5049011,-4,-30,1007,490,0,280,-62,-23,994,-441,-75,-475
818,5055191,-4,-30,1007,490,0,280,-62,-23,994,-448,-81,-477
819,5061371,-5,-29,1007,560,70,210,-61,-20,991,-448,-81,-477
820,5067551,-4,-27,1007,560,0,280,-59,-21,995,-448,-72,-472
821,5073731,-4,-27,1007,560,0,280,-59,-21,995,-451,-90,-478
822,5079911,-4,-28,1007,490,0,280,-61,-19,994,-451,-90,-478
823,5086091,-4,-28,1007,490,0,280,-61,-19,994,-453,-82,-471
824,5092271,-4,-29,1006,490,0,280,-59,-20,993,-453,-82,-471
825,5098451,-3,-30,1007,490,0,210,-61,-21,996,-453,-78,-469
826,5104631,-3,-30,1007,490,0,210,-61,-21,996,-442,-82,-472
827,5110811,-3,-32,1004,490,0,210,-59,-25,992,-442,-82,-472
828,5116991,-5,-32,1015,420,140,210,-65,-25,985,-454,-84,-468
829,5123171,-5,-32,1015,420,140,210,-65,-25,985,-453,-84,-472
830,5129351,-4,-30,1003,420,70,210,-65,-23,1001,-453,-84,-472
831,5135531,0,-30,1003,490,-70,210,-65,-23,1001,-451,-78,-465
832,5141711,0,-30,1003,490,-70,210,-64,-23,995,-451,-78,-465
833,5147891,-4,-33,1012,420,70,280,-63,-22,987,-457,-87,-472
834,5154071,-4,-30,1006,490,0,280,-63,-22,987,-445,-91,-474
835,5160251,-4,-30,1006,490,0,280,-61,-21,995,-445,-91,-474
836,5166431,-3,-28,1005,490,70,280,-61,-21,988,-450,-76,-475
837,5172611,-3,-28,1005,490,0,280,-61,-20,988,-450,-76,-465
838,5178790,-4,-29,1008,490,0,280,-61,-22,1001,-459,-73,-465
839,5184970,-3,-28,1008,490,0,280,-61,-22,1001,-448,-84,-475
840,5191150,-3,-28,1008,490,0,280,-63,-21,992,-448,-84,-475
841,5197330,-5,-30,1006,490,0,280,-62,-23,996,-460,-85,-468
842,5203510,-4,-30,1008,560,0,280,-62,-23,996,-447,-84,-465
843,5209690,-4,-30,1008,560,0,280,-64,-21,988,-447,-84,-465
844,5215870,-4,-31,1007,560,-70,210,-64,-21,988,-454,-88,-468
845,5222050,-2,-29,1010,560,0,280,-59,-27,993,-454,-88,-468
846,5228230,-2,-29,1010,560,0,280,-63,-17,986,-442,-75,-468
847,5234410,-4,-31,1002,420,0,280,-63,-17,986,-453,-72,-466
848,5240590,-2,-28,1011,630,-70,280,-60,-23,1000,-453,-72,-466
849,5246770,-2,-28,1011,630,-70,280,-63,-19,987,-451,-90,-463
850,5252950,-5,-32,1005,420,140,210,-63,-19,987,-451,-79,-469
851,5259130,-5,-32,1005,560,0,210,-60,-26,1001,-451,-79,-469
852,5265310,-3,-28,1010,560,0,210,-60,-26,1001,-447,-73,-463
853,5271490,-5,-30,1006,420,70,210,-63,-23,987,-447,-73,-463
854,5277670,-5,-30,1006,420,70,210,-61,-21,994,-451,-73,-469
855,5283850,-4,-30,1007,560,-70,210,-61,-21,994,-459,-84,-475
856,5290030,-4,-29,1008,490,0,280,-61,-20,990,-459,-84,-475
857,5296210,-4,-29,1008,490,0,280,-61,-27,990,-450,-84,-466
858,5302390,-3,-28,1005,490,0,210,-61,-27,990,-450,-84,-468
859,5308570,-5,-32,1008,490,140,210,-65,-20,986,-445,-90,-468
860,5314750,-5,-32,1008,490,140,210,-65,-20,986,-450,-87,-481
861,5320929,-3,-30,1010,490,70,210,-62,-25,1000,-450,-87,-481
862,5327109,-3,-32,1004,490,0,210,-65,-21,984,-447,-84,-468
863,5333289,-5,-32,1004,490,0,210,-65,-21,984,-451,-85,-463
864,5339469,-2,-29,1012,630,-210,210,-62,-30,993,-451,-85,-463
865,5345649,-2,-29,1012,490,0,280,-62,-30,989,-445,-75,-474
866,5351829,-4,-31,1005,490,0,280,-66,-21,989,-445,-75,-474
867,5358009,-4,-30,1009,560,0,280,-61,-24,993,-448,-84,-465
868,5364189,-4,-30,1009,560,0,280,-61,-24,993,-450,-85,-471
869,5370369,-3,-30,1007,490,0,280,-62,-21,990,-450,-85,-471
870,5376549,-4,-30,1007,420,70,280,-61,-25,992,-453,-87,-477
871,5382729,-4,-30,1007,420,70,280,-61,-25,992,-453,-91,-471
872,5388909,-5,-28,1007,490,0,210,-63,-20,989,-453,-91,-471
873,5395089,-5,-29,1006,490,0,280,-63,-20,989,-454,-82,-462
874,5401269,-5,-29,1006,490,0,280,-63,-26,998,-454,-82,-462
875,5407449,-3,-29,1008,560,-70,210,-62,-22,989,-447,-91,-469
876,5413629,-3,-31,1008,560,0,280,-62,-22,989,-447,-88,-465
877,5419809,-4,-31,1008,560,0,280,-62,-23,989,-447,-88,-465
878,5425989,-4,-30,1008,560,-70,210,-62,-23,990,-451,-87,-475
879,5432169,-4,-30,1008,490,0,210,-62,-23,990,-451,-87,-463
880,5438349,-3,-29,1007,490,0,210,-62,-24,995,-445,-81,-463
881,5444529,-3,-31,1009,490,0,210,-62,-24,995,-445,-76,-471
882,5450709,-3,-31,1009,490,0,210,-64,-21,991,-445,-76,-471
883,5456888,-3,-31,1005,560,0,210,-60,-23,993,-454,-82,-480
884,5463068,-3,-28,1008,560,0,210,-60,-23,993,-451,-87,-469
885,5469249,-3,-28,1008,560,0,210,-62,-23,988,-451,-87,-469
886,5475428,-4,-30,1008,490,0,210,-63,-24,995,-447,-87,-469
887,5481608,-4,-30,1006,630,0,210,-63,-24,995,-447,-87,-469
888,5487788,-4,-30,1006,630,0,210,-61,-21,992,-445,-84,-468
889,5493968,-3,-30,1008,560,0,210,-61,-21,992,-453,-87,-457
890,5500148,-3,-30,1007,490,0,210,-63,-25,993,-453,-87,-457
891,5506328,-4,-31,1007,490,0,210,-61,-25,992,-454,-78,-468
892,5512508,-3,-29,1007,560,-70,210,-61,-25,992,-456,-84,-462
893,5518688,-3,-29,1007,490,140,210,-62,-25,995,-456,-84,-462
894,5524868,-3,-29,1009,490,140,210,-62,-25,996,-441,-70,-474
895,5531048,-4,-30,1007,490,70,280,-63,-18,996,-441,-70,-474
896,5537228,-4,-30,1007,490,70,280,-62,-24,993,-454,-84,-469
897,5543408,-4,-29,1006,490,0,280,-62,-24,993,-448,-81,-472
898,5549588,-4,-30,1008,420,70,210,-62,-22,993,-448,-81,-472
899,5555768,-4,-30,1008,420,70,210,-62,-24,993,-451,-81,-460
900,5561948,-4,-29,1007,490,70,210,-62,-24,993,-451,-81,-471
901,5568128,-5,-30,1007,490,70,210,-62,-20,990,-442,-87,-471
902,5574308,-5,-30,1007,490,70,210,-62,-20,990,-447,-78,-466
903,5580488,-1,-28,1008,490,0,210,-60,-20,999,-447,-78,-466
904,5586667,-1,-28,1006,490,70,210,-65,-20,990,-447,-82,-466
905,5592848,-5,-31,1006,490,70,210,-65,-20,990,-447,-87,-474
906,5599027,-3,-31,1007,560,0,210,-63,-23,993,-447,-87,-474
907,5605207,-3,-31,1007,560,0,210,-64,-22,997,-450,-82,-471
908,5611387,-3,-30,1007,560,0,210,-64,-22,997,-450,-82,-471
909,5617567,-5,-31,1007,560,0,280,-62,-25,991,-456,-84,-469
910,5623747,-5,-31,1007,560,0,280,-62,-25,991,-450,-78,-474
911,5629927,-3,-29,1008,560,0,280,-59,-20,987,-450,-78,-474
912,5636107,-3,-29,1007,490,70,280,-63,-23,992,-457,-84,-471
913,5642287,-3,-29,1007,490,70,280,-63,-23,992,-454,-76,-481
914,5648467,-4,-29,1009,420,70,210,-63,-20,997,-454,-76,-481
915,5654647,-4,-30,1008,490,70,210,-62,-21,994,-454,-82,-475
916,5660827,-4,-30,1008,490,70,210,-62,-21,994,-454,-82,-475
917,5667007,-4,-29,1007,490,0,210,-63,-22,993,-448,-84,-466
918,5673187,-4,-29,1008,490,0,210,-63,-22,993,-450,-85,-472
919,5679367,-3,-30,1008,490,0,210,-62,-23,991,-450,-85,-472
920,5685547,-3,-29,1007,490,0,210,-61,-24,989,-457,-82,-463
921,5691727,-3,-29,1007,420,70,210,-61,-24,989,-457,-91,-465
922,5697907,-4,-30,1008,420,70,210,-64,-23,995,-453,-91,-465
923,5704087,-3,-32,1005,490,70,210,-64,-23,989,-448,-88,-468
924,5710267,-3,-32,1005,490,70,210,-61,-23,989,-448,-88,-468
925,5716447,-3,-30,1008,420,140,210,-63,-22,992,-451,-75,-463
926,5722627,-4,-31,1007,490,70,210,-63,-22,992,-448,-90,-471
927,5728807,-4,-31,1007,490,70,210,-62,-22,995,-448,-90,-471
928,5734986,-3,-30,1008,560,-70,210,-64,-20,993,-457,-85,-462
929,5741167,-6,-32,1008,490,-70,210,-64,-20,993,-457,-85,-462
930,5747346,-6,-32,1008,490,-70,210,-60,-24,989,-460,-87,-468
931,5753526,0,-29,1007,630,-210,210,-60,-24,989,-442,-84,-475
932,5759706,0,-29,1008,350,210,280,-61,-27,990,-442,-84,-475
933,5765886,-5,-31,1008,350,210,280,-63,-19,985,-444,-88,-472
934,5772066,-4,-29,1007,490,0,280,-63,-19,985,-456,-87,-475
935,5778246,-4,-29,1007,490,0,280,-61,-22,995,-456,-87,-475
936,5784426,-3,-30,1008,490,0,280,-65,-20,990,-456,-82,-475
937,5790606,-5,-31,1007,490,70,280,-65,-20,990,-456,-82,-475
938,5796786,-5,-31,1007,490,70,280,-60,-26,994,-457,-91,-462
939,5802966,-2,-29,1008,560,-70,210,-60,-26,994,-456,-84,-463
940,5809146,-4,-30,1007,490,70,210,-65,-24,986,-456,-84,-463
941,5815326,-4,-30,1007,490,70,210,-60,-23,993,-454,-82,-475
942,5821506,-4,-29,1007,490,0,210,-60,-23,993,-454,-87,-475
943,5827686,-4,-29,1007,490,70,210,-62,-21,989,-444,-87,-475
944,5833866,-4,-29,1007,490,70,210,-64,-23,990,-453,-88,-463
945,5840046,-5,-30,1007,560,-70,210,-64,-23,990,-453,-88,-463
946,5846226,-5,-30,1007,490,-70,210,-62,-20,990,-447,-76,-472
947,5852406,-3,-31,1007,490,-70,210,-62,-20,990,-451,-79,-466
948,5858586,-3,-30,1007,490,0,280,-63,-27,996,-451,-79,-466
949,5864766,-3,-30,1007,490,70,280,-63,-21,990,-448,-81,-471
950,5870946,-3,-30,1008,490,70,280,-63,-21,990,-448,-81,-471
951,5877126,-5,-30,1006,490,70,210,-62,-23,990,-456,-94,-471
952,5883306,-5,-30,1006,490,70,210,-62,-23,988,-444,-79,-469
953,5889485,-3,-29,1006,490,0,210,-63,-23,988,-444,-79,-469
954,5895665,-3,-31,1008,560,-70,210,-63,-24,992,-459,-84,-469
955,5901845,-3,-31,1008,560,-70,210,-63,-24,992,-450,-84,-465
956,5908025,-5,-30,1007,560,0,210,-64,-20,993,-450,-84,-465
957,5914205,-4,-29,1008,490,0,210,-61,-24,994,-456,-82,-463
958,5920385,-4,-29,1008,490,0,210,-61,-24,994,-456,-82,-463
959,5926565,-4,-31,1007,420,0,210,-62,-23,987,-444,-84,-465
960,5932745,-4,-31,1007,490,0,280,-62,-23,987,-457,-78,-477
961,5938925,-4,-29,1007,490,0,280,-63,-23,997,-457,-78,-477
962,5945105,-3,-31,1007,490,-70,210,-63,-22,985,-457,-79,-462
963,5951285,-3,-31,1007,490,0,210,-63,-22,985,-457,-88,-471
964,5957465,-4,-31,1007,490,0,210,-61,-24,995,-448,-88,-471
965,5963645,-4,-30,1008,490,0,210,-63,-22,992,-454,-82,-469
966,5969825,-4,-30,1008,490,0,210,-63,-22,992,-454,-82,-469
967,5976005,-3,-29,1008,490,70,210,-62,-26,997,-460,-90,-465
968,5982185,-4,-30,1007,490,70,210,-62,-26,997,-450,-75,-471
969,5988365,-4,-30,1007,490,70,210,-62,-19,991,-450,-75,-471
970,5994545,-4,-29,1007,490,-70,210,-61,-26,994,-450,-79,-468
971,6000725,-3,-30,1007,490,0,210,-61,-26,994,-450,-79,-468
972,6006905,-3,-30,1007,490,0,210,-64,-23,991,-451,-90,-472
973,6013085,-4,-30,1007,490,0,210,-62,-22,993,-448,-82,-472
974,6019265,-4,-30,1007,560,70,210,-62,-22,993,-448,-82,-472
975,6025444,-4,-30,1007,560,70,210,-63,-20,994,-453,-88,-472
976,6031624,-5,-30,1007,560,0,280,-63,-20,994,-438,-82,-472
977,6037804,-5,-30,1007,490,0,280,-63,-22,996,-438,-82,-472
978,6043984,-4,-31,1007,490,0,280,-63,-22,994,-453,-84,-466
979,6050164,-4,-29,1007,560,0,280,-63,-22,994,-453,-84,-466
980,6056344,-4,-29,1007,560,0,280,-59,-24,996,-442,-76,-462
981,6062524,-3,-30,1007,490,0,280,-59,-20,992,-451,-82,-471
982,6068704,-4,-29,1007,490,70,280,-62,-20,992,-451,-82,-471
983,6074884,-4,-29,1007,490,70,280,-61,-23,998,-451,-85,-460
984,6081064,-3,-30,1008,490,0,210,-61,-23,998,-451,-91,-472
985,6087244,-4,-27,1007,490,0,210,-61,-19,988,-457,-91,-472
986,6093424,-4,-27,1007,490,0,210,-61,-20,999,-447,-75,-472
987,6099604,-4,-30,1008,560,0,280,-61,-20,999,-447,-75,-472
988,6105784,-4,-30,1008,490,0,210,-61,-20,993,-441,-93,-471
989,6111964,-3,-29,1006,490,0,210,-61,-20,993,-453,-87,-468
990,6118144,-5,-30,1008,490,70,210,-61,-24,991,-453,-87,-468
991,6124324,-5,-30,1008,490,0,280,-62,-21,989,-441,-88,-463
992,6130504,-4,-30,1008,490,0,280,-62,-21,989,-441,-88,-463
993,6136684,-3,-30,1006,490,0,210,-61,-25,990,-454,-79,-468
994,6142864,-3,-30,1006,490,0,210,-63,-20,988,-456,-84,-465
995,6149044,-3,-31,1009,490,-70,210,-63,-20,988,-456,-84,-465
996,6155224,-4,-32,1007,490,70,210,-63,-21,997,-451,-78,-480
997,6161403,-4,-32,1007,490,70,210,-63,-21,997,-448,-88,-466
998,6167583,-2,-31,1007,490,0,210,-63,-25,987,-448,-88,-466
999,6173763,-3,-31,1007,490,0,210,-63,-24,996,-450,-82,-465
1000,6179943,-3,-31,1007,490,0,210,-63,-24,996,-450,-82,-465
1001,6186123,-4,-30,1008,490,0,210,-64,-20,988,-448,-85,-466
1002,6192303,-4,-30,1008,490,0,210,-62,-26,992,-445,-84,-468
1003,6198483,-4,-29,1007,490,0,210,-62,-26,992,-445,-84,-468
1004,6204663,-4,-30,1007,490,0,210,-61,-20,988,-453,-90,-471
1005,6210843,-4,-30,1007,490,0,210,-61,-20,988,-453,-79,-475
1006,6217023,-4,-29,1008,560,0,210,-61,-26,989,-448,-79,-475
1007,6223203,-4,-29,1007,560,0,280,-62,-22,990,-447,-78,-466
1008,6229383,-4,-29,1007,560,0,280,-62,-22,990,-447,-78,-466
1009,6235563,-4,-30,1007,490,0,280,-61,-22,993,-451,-88,-469
1010,6241743,-5,-30,1008,490,0,210,-61,-22,990,-447,-82,-469
1011,6247923,-5,-30,1008,490,0,210,-62,-22,990,-447,-82,-469
1012,6254103,-3,-28,1008,490,70,210,-61,-23,995,-447,-78,-475
1013,6260283,-3,-31,1007,490,70,210,-61,-23,995,-447,-78,-475
1014,6266463,-3,-31,1007,490,70,210,-63,-23,986,-448,-84,-471
1015,6272643,-3,-31,1008,490,0,210,-62,-28,993,-447,-79,-471
1016,6278823,-3,-31,1008,490,0,210,-62,-28,993,-447,-79,-471
1017,6285003,-3,-31,1006,490,0,210,-63,-22,993,-450,-85,-474
1018,6291183,-3,-31,1007,490,0,280,-63,-22,993,-444,-85,-471
1019,6297362,-3,-31,1007,490,0,280,-63,-24,990,-444,-85,-471
1020,6303542,-4,-31,1007,490,0,280,-62,-21,992,-448,-75,-468
1021,6309722,-1,-31,1008,490,0,280,-62,-21,992,-448,-75,-468
1022,6315902,-1,-31,1008,490,0,280,-63,-27,996,-457,-82,-466
1023,6322082,-4,-29,1007,490,0,280,-64,-22,991,-448,-78,-466
-----------------------,,,,,,,,,,,,,
